"COUNTRY","Afghanistan","Albania","Algeria","American Samoa","Andorra","Angola","Anguilla","Antigua and Barbuda","Argentina","Armenia","Aruba","Australia","Austria","Azerbaijan","Bahamas","Bahrain","Bangladesh","Barbados","Belarus","Belgium","Belize","Benin","Bermuda","Bhutan","Bolivia (Plurinational State of)","Bonaire, Sint Eustatius and Saba","Bosnia and Herzegovina","Botswana","Brazil","British Virgin Islands","Brunei Darussalam","Bulgaria","Burkina Faso","Burundi","Cabo Verde","Cambodia","Cameroon","Canada","Cayman Islands","Central African Republic","Chad","Channel Islands","Chile","China","China, Hong Kong Special Administrative Region","China, Macao Special Administrative Region","Colombia","Comoros","Congo","Cook Islands","Costa Rica","Côte d'Ivoire","Croatia","Cuba","Curaçao","Cyprus","Czech Republic","Democratic People's Republic of Korea","Democratic Republic of the Congo","Denmark","Djibouti","Dominica","Dominican Republic","Ecuador","Egypt","El Salvador","Equatorial Guinea","Eritrea","Estonia","Ethiopia","Faeroe Islands","Falkland Islands (Malvinas)","Fiji","Finland","France","French Guiana","French Polynesia","Gabon","Gambia","Georgia","Germany","Ghana","Gibraltar","Greece","Greenland","Grenada","Guadeloupe","Guam","Guatemala","Guinea","Guinea-Bissau","Guyana","Haiti","Holy See","Honduras","Hungary","Iceland","India","Indonesia","Iran (Islamic Republic of)","Iraq","Ireland","Isle of Man","Israel","Italy","Jamaica","Japan","Jordan","Kazakhstan","Kenya","Kiribati","Kuwait","Kyrgyzstan","Lao People's Democratic Republic","Latvia","Lebanon","Lesotho","Liberia","Libya","Liechtenstein","Lithuania","Luxembourg","Madagascar","Malawi","Malaysia","Maldives","Mali","Malta","Marshall Islands","Martinique","Mauritania","Mauritius","Mayotte","Mexico","Micronesia (Federated States of)","Monaco","Mongolia","Montenegro","Montserrat","Morocco","Mozambique","Myanmar","Namibia","Nauru","Nepal","Netherlands","New Caledonia","New Zealand","Nicaragua","Niger","Nigeria","Niue","Northern Mariana Islands","Norway","Oman","Pakistan","Palau","Panama","Papua New Guinea","Paraguay","Peru","Philippines","Poland","Portugal","Puerto Rico","Qatar","Republic of Korea","Republic of Moldova","Réunion","Romania","Russian Federation","Rwanda","Saint Helena","Saint Kitts and Nevis","Saint Lucia","Saint Pierre and Miquelon","Saint Vincent and the Grenadines","Samoa","San Marino","Sao Tome and Principe","Saudi Arabia","Senegal","Serbia","Seychelles","Sierra Leone","Singapore","Sint Maarten (Dutch part)","Slovakia","Slovenia","Solomon Islands","Somalia","South Africa","South Sudan","Spain","Sri Lanka","State of Palestine","Sudan","Suriname","Swaziland","Sweden","Switzerland","Syrian Arab Republic","Tajikistan","Thailand","The former Yugoslav Republic of Macedonia","Timor-Leste","Togo","Tokelau","Tonga","Trinidad and Tobago","Tunisia","Turkey","Turkmenistan","Turks and Caicos Islands","Tuvalu","Uganda","Ukraine","United Arab Emirates","United Kingdom of Great Britain and Northern Ireland","United Republic of Tanzania","United States of America","United States Virgin Islands","Uruguay","Uzbekistan","Vanuatu","Venezuela (Bolivarian Republic of)","Viet Nam","Wallis and Futuna Islands","Western Sahara","Yemen","Zambia","Zimbabwe"
"Burundi",,,,,,,,,,,,,,,,,,,,605,,,,,,,,,,,,,,,,,,,,,,,,,,,,,,,,,,,,,,,167768,,,,,,,,,,,,,,,,302,,,,,,,,,,,,,,,,,,,,,,,,,,,,,,,,,,,1032,,,,,,,,,,,,,,,,,,,,,,,,,,,,,,,,,,,,,,,,,,,,,,,,,,,,,,,,,,,,,,64363,,,,,,,,,,,,,,,,,,,,,,,,,,,,,,,,,,,,,,,,,,,,891,,,,28008,,,,,,,,,,,,
"Comoros",,,,,,,,,,,,,,,,,,,,,,,,,,,,,,,,,,,,,,,,,,,,,,,,,,,,,,,,,,,,,,,,,,,,,,,,,,,482,,,,,,,,,,,,,,,,,,,,,,,,,,,,,,,,,,,76,,,,,,,,,,,,,9651,,,,,,,,,,,,,,,,,,,,,,,,,,,,,,,,,,,,,,,,,,,,,,850,,,,,,,,,,,,,,,,,,,,,,,,,,,,,,,,,,,,,,,,,,,,,,,,,,,145,,,,,,,,,,,,
"Djibouti",,,,,,,,,,,,,,,,,,,,,,,,,,,,,,,,,,,,,,,,,,,,,,,,,,,,,,,,,,,,,,,,,,,,,,12323,,,,,,,,,,,,,,,,,,,,,,,,,,,,,,,,,,,,,,,,,,,,,,,,,,,,,,,,,,,,,,,,,,,,,,,,,,,,,,,,,,,,,,,,,,,,,,,,,,,,,,,,,,,,,,,,,,,,,,,,,93042,,,,,,,,,,,,,,,,,,,,,,,,,,,,,,,,,,,,,,,265,,
"Eritrea",,,,,,346,,,,,,,,,,,,,,,,,,,,,,,,,,,,1046,,,,,,,,,,135,,,,192,,,,,,,,,,,1688,,,,,,,,,,,108,,,,,436,,,,,,,,,,,,,,,,,,,,,,,119,,,,,,,,,,,,351,,,,,,,,,,,,,,772,,,,,,,,,,,,,,,,,1107,,,,,,,,,,,,,,,,,,,,,,,,,,,,,,,467,,,,,,,,,,,,,,,,,,,2457,122,1490,,,,208,,,,,,,,,,,,,,,,,,,1524,,,56,526,,,,,,,,,,,241,324
"Ethiopia",,,,,,,,,,,,,,,,,,,,,,,,,,,,,,,,,,40,,,,,,,,,,,,,,,,,,,,,,,,,102,,3705,,,,,,,156030,,,,,,,,,,,,,,,,,,,,,,,,,,,,,,,,,,,,,,,,,,,,,,,,,,,,,,,,,,,,,,,,,,,,,,,,,,,,,,,,,,,,,,,,,,,,,,,,,,,,,,,,150,,,,,,,,,,,,,,,,,,,442910,,375202,,,,24539,,,,,,,,,,,,,,,,,,,218,,,,,,,,,,,,,,145,,
"Kenya",,,,,,,,,,,,,,,,,,,,,,,,,,,,,,,,,,4345,,,,,,,,,,,,,,,,,,,,,,,,,11292,,,,,,,,,2127,,36889,,,,,,,,,,,,,,,,,,,,,,,,,,,,,,,,,,,,,,,,,,,,,,,,,,,,,,,,,,,,,,,,,,,,,,,601,,68,,,,,,,,,,,,,,,,,,,,,,,,,,,,,6330,,,,,,,,,,,,,,,,,,,488470,112,92355,,,,7614,,,,,,,,,,,,,,,,,,,333789,,,,39935,,,,,,,,,,,,
"Madagascar",,,,,,,,,,,,,,,,,,,,,,,,,,,,,,,,,,,,,,,,,,,,1979,,,,10953,,,,,,,,,,,,,,,,,,,,,,,,,,,8950,,,,,,,,,,,,,,,,,,,,,,,1581,,,,,,,,,,,,,,,,,,,,,,,,,,,,,,,,,,,,,,,,,,,,,,,,,,,,,,,,,,,,,,,,,,,,,,,,,,,,,,,,,,,,,,,,,,,,,,,,,,,,,,,,,,,,,,,,,,,,,,,,,,,,,,,,,,,,,,
"Malawi",,,,,,,,,,,,,,,,,,,,,,,,,,,,,,,,,,5250,,,,,,,,,,,,,,,1395,,,,,,,,,,2210,,,,,,,,,,,,,,,,,,,,,,,,,,,,,,,,,,,,,,,2390,,,,,,,,,,,,,,,,,,,,,,,,,,,,,,,,,,,,,,,,,,,54183,,,,,,,,,,,,,,,,,,,,,,,,,,,,,,,4576,,,,,,,,,,,,,,,,,,,54,8174,,,,,,,,,,,,,,,,,,,,,,,,,,,1460,9507,,,,,,,,,,,42362,36753
"Mauritius",,,,,,,,,,,,,,,,,8327,,,118,,,,,,,,,,,,,,,,,,36,,,,,,2951,23,,,,,,,,,,,,,,,,,,,,,,,,,,,,,,1505,,,,,,136,,,,,,,,,,,,,,,,,8651,,,,50,,,146,,9,,,,,,,,,,,,,,,,2277,,61,,,,,,,,,,,,,,,,,,,,,,,,,,,,,,,187,,,,,,,,,,,,,,,49,,,,,,,,,,,,,124,,,,,,,,622,,27,1126,,,,,,105,,,,,,,,,,,,,,,,,,454,,49,,,,,,,,,,,
"Mayotte",,,,,,,,,,,,,,,,,,,,,,,,,,,,,,,,,,,,,,,,,,,,,,,,59811,,,,,,,,,,,,,,,,,,,,,,,,,,,10050,,,,,,,,,,,,,,,,,,,,,,,,,,,,,,,,,,,,,,,,,,,,,,,,5535,,,,,,,,,,,,,,,,,,,,,,,,,,,,,,,,,,,,,,,,,,,,,,,,,,,,,,,,,,,,,,,,,,,,,,,,,,,,,,,,,,,,,,,,,,,,,,,,,,,,,,,,,,,,,
"Mozambique",,,,,,,,,,,,,,,,,,,,,,,,,,,,,,,,,,,6776,,,,,,,,,,,,,,,,,,,,,,,,2337,,,,,,,,,,,,,,,,,,,,,,,,,,,,,,,,,,,,,,,2434,,,,,,,,,,,,,,,,,,,7840,,,,,,,77488,,,,,,,,,,,,,,,,,,,,,,,,,,,,,,,,1282,,,,,,,,4420,,,,,,,,,,,,,,,,,,,,,,,,,,,,8897,,,,,,,,,,,,,,,,,,,,,,,,,,,,7652,,,,,,,,,,,5943,25429
"Réunion",,,,,,,,,,,,,,,,,,,,,,,,,,,,,,,,,,,,,,,,,,,,,,,,2215,,,,,,,,,,,,,,,,,,,,,,,,,,,84056,,,,,,,,,,,,,,,,,,,,,,,,,,,,,,,,,,,,,,,,,,,,,,,,16763,,,,,,,,,5059,6507,,,,,,,,,,,,,,,,,,,,,,,,,,,,,,,,,,,,,,,,,,,,,,,,,,,,,,,,,,,,,,,,,,,,,,,,,,,,,,,,,,,,,,,,,,,,,,,,,,,
"Rwanda",,,,,,,,,,,,,,,,,,,,,,,,,,,,,,,,,,64501,,,,,,,,,,,,,,,,,,,,,,,,,230622,,,,,,,,,,,,,,,,,,,,,,,,,,,,,,,,,,,,,,,,,,,,,,,,,,,2581,,,,,,,,,,,,,,,,,,,,,,,,,,,,,,,,,,,,,,,,,,,,,,,,,,,,,,,,,,,,,,,,,,,,,,,,,,,,,,,,,,,,,,,,,,,,,,,,,,,,,,,,,,92195,,,,42776,,,,,,,,,,,,
"Seychelles",,,,,,,,,,,,52,,,,,221,,,38,,,,,,,,,,,,,,,,,,,,,,,,512,,,,,,,,,,43,,,,,,,,,,,,,,,,,,,,,240,,,,,,85,,,,,,,,,,,,,,,,,6489,142,,,,,,122,,,,,411,,,,,,,,,,,,,804,,,38,,,,,,554,,,,,,,,,,,,,177,,,,,,137,,,,,25,,,,,,707,,,,,,,,,96,,,,,,,,,,,,,,,,,,,,64,256,,25,600,,,,,,,,,239,,,,,,,,,,,,28,,,291,,,,,,,,,,,,,
"Somalia",,,,,,,,,,,,,,,,,,,,,,,,,,,,,,,,,,,,,,,,,,,,,,,,,,,,,,,,,,,,,,,,,,,,34,,2079,,,,,,,,,,,,,,,,,,,,,,,,,,,,,,,,,,,,,,,,,,,,,,,,,,,,,,,,,,,,,,,,,,,,,,,,,,,,,,,,,,,,,,,,,,,,,,,,,,,,,,,,,,,,,,,,,,,,,,,,,,,,,,,,,,,,,,,,,,,,,,,,,,,,,,,,,,,,,,,,,,
"South Sudan",,,,,,,,,,,,,,,,,,,,,,,,,,,,,,,,,,,,,,,,4574,5184,,,,,,,,,,,,,,,,,,82755,,,,,,5145,,,3318,,12786,,,,,,,,,,,,,,,,,,,,,,,,,,,,1414,,,,,,,,,,,,9558,,,,,,,,,153,,,,,,,,203,,,,,,,,,,,,,,,,,,,,,,,,3537,,,,,,,,,,,,,,,,,,,,,,,,,,,,,,,,,,,,,,,,,,,,,,552391,,,,,,,,,,,,,,,,,,,140607,,,,,,,,,,,,,,,,
"Uganda",,,,,,,,,,,,,,,,,148,,,45,,,,,,,,,,,,,,45345,,,,275,,,,,,423,,,,,,,,,,,,,,154,303580,180,,,,,,,,3529,,1070,,,,,257,,,,,,241,,,42,,,,,,,,,,,,,,4065,,,,,,,418,,210,,,43512,,,,,,,,,,,,,,,,,,,,,,,,,,,,,,,30,,,,,221,,,,,,,,,,691,,,,,,,,,,,180,,,,316,76861,,,,,,,,,,,,,,,,,,,28586,,,62,,,164136,,,,,,,,,,,,,,,,,,,,,,1241,25321,994,,,,,,,,,,,
"United Republic of Tanzania",,,,,,1249,,,,,,,,,,,,,,,,,,,,,,141,,,,,,87099,,,,294,,,,,,,,,,596,25017,,,,,,,,,,58250,,,,,,,,,,,,,,,,,,,,,,967,,,,,,,,,,,,,,,,,8010,,,,,,,575,,,,,27247,,,,,,,149,,,,,,,6907,,,,,,,,192,,,,,,,,,14651,,644,,,,,,,,,,,,,668,,,,,,,,,,,,,,,,581,,,,,,,,,,,,374,,,,,,,2967,712,,,,,,,88,,,,,,,,,,,,,,,,,4857,,,1061,,1291,,,,,,,,,,8573,852
"Zambia",,,,,,17464,,,,,,470,,,,,,,,,,,,,,,,2639,,,,,,3014,,,892,225,,,,,,2480,,,,,9562,,,,,,,,,,13409,,,,,,230,,,,,,,,,,78,,,,,,371,179,,,,,,,,,,,,,,,,5349,,,,,,,,,88,,,785,,,,,,,,,,,,,,11258,,,229,,,,,,,,,,,,,,2010,,1566,,,,,,,,963,,,,,,,,,,,,,,,,,,,,,3438,,,,,,,,,,131,,,,,,,,,,3341,,,,,,,,,,,,,,,,,,,,,,,,382,,,1432,4493,1360,,,,,,,,,,,19503
"Zimbabwe",,,,,,,,,,,,,,,,,,,,,,,,,,,,3286,,,,,,,,,,,,,,,,,,,,,,,,,,,,,,,,,,,,,,,,,,,,,,,,,,,,,,,,,,,,,,,,,,,,,,,,,,,,,,,,,,,,,,,,,,,,,,,,102849,,,,,,,,,,,,,,,,,94382,,,,,,,,,,,,,,,,,,,,,,,,,,,,,,,,,,,,,,,,,,,,,,,,,,,18610,,,,,,,,,,,,,,,,,,,,,,,,,,,7560,,,,,,,,,,,,30662,
"Angola",,,,,,,,,,,,,,,,,,,,,,,,,,,,,,,,,,,10459,,,,,,36,,,,,,,,1203,,,46,,,,,,,43192,,,,,,,,,,,,,,,,,,,,,,,,,,,,,,,382,,,,,,,,,,,,,,,,,,,,,,,,,,,,,,,,,,,,,,,,,,,,,,,,,,,283,,1012,,,,,,,,,,,,,,,,,,,,,15528,,,,,,,,1216,,,,,,,,9123,,,,,,,,,,,,7144,,,,,,,,,,,,,,,,,,,,,,,,,,,,,,,,,,,,,,,350,
"Cameroon",,,,,,1964,,,,,,,,,,,,,,,,1844,,,,,,,,,,,,,,,,137,,201957,54160,,,,,,,,2270,,,,,,,,,,3134,,,,,,,,2580,,,,,,,,3547,,,811,,,226,,,147,,,,,,3518,,,,,,,,,,,,,,,390,,,,,,,,,,,,,3270,,,,,,,,,6303,,,,,,,,,,,,,,,,,,,122,,,,8071,81676,,,,,,,,,,,,,,,,,,,,,,,,,,,,,,,2423,,,,,,,,,,,,,,,,,,,,,,,,,,,,,,,,,,,,,196,,629,,,,,,,,,,,
"Central African Republic",,,,,,,,,,,,10,21,,,,,,,,,,,,,,,,0,,,,,,,,,186,,,10029,,,,,,,,,,,,,,,7,,,17219,2,,,,,38,,,,,,,,,,9583,,,,,,,,,,,,,,,,,,,,,,,,,,,10,,,66,,,,,,,,,,,,,,,,,,,,,,301,,,,,,,,,,,,,,,,,,,33,,,,,,,,,,,,,,,,,,,,,,,,,136,,,,,,,,,73,,,,,,,,,43,,,52,0,,,,19546,,,12,145,,,,,,9,,,,,7,,,,,,,,,548,,,,,,,,,,,
"Chad",,,,,,,,,,,,,,,,,,,,,,,,,,,,,,,,,,,,,36938,,,93259,,,,,,,,,852,,,,,,,,,,306,,,,,,,,,,,,,,,,1056,,,349,,,,,,,,,,,,,,,,,,,,,,,,,,,,,,,,,,,,,,,,,1307,,,,,,,,,,,,,,,,,,,,,,,,,,,,,,,3115,2977,,,,,,,,,,,,,,,,,,,,,,,,,,,,,,,,,,,,,,,,,,,,,,363465,,,,,,,,,,,,,,,,,,,,,,,,,,,,,,,,,,,
"Congo",,,,,,41238,,,,,,,,,,,,,,,,15194,,,,,,,,,,,,,,,11300,,,32696,10565,,,924,,,,,,,,,,536,,,,,170368,,,,,,,,1582,,,,,,,,10320,,,3163,,,579,,,,,,,,,,,,,,,,,,,,,,,,,,,,,,,,,,,1167,,,,,,,,,,,33918,,,,3149,,,,,,,,,,,,,,,,,,,,,,,,,,,,,,,,,1441,,,,,,,2576,25119,,,,,,,,,,13265,,,,,,,,,,,,,,,,,,,,,,,,,2437,,,,,,,,,,,,,,166,,,,,,,,,,,
"Democratic Republic of the Congo",,,,,,185205,,,,,,,,,,,,,,,,,,,,,,,,,,,,39062,,,,,,73094,,,,,,,,,6545,,,,,,,,,,,,,,,,,,,,,,,,,,,,,,,,,,,,,,,,,,,,,,,,,,,,,,,,,,,,,,,,,,,,,,,,,,,,,,,,,,,,,,,,,,,,,,,,,,,,,,,,,,,,,,,,,,,,,,,,,,,97168,,,,,,,,,,,,,,,,,,,,,8749,,,,5621,,,,,,,,,,,,,,,,,,,6224,,,,,,,,,,,,,,,,
"Equatorial Guinea",,,,,,,,,,,,,,,,,,,,,,,,,,,,,,,,,,,,,798,,,,,,,,,,,,,,,,,,,,,,,,,,,,,,,,,,,,,,4561,,,256,,,,,,,,,,,,,,,,,,,,,,,,,,,,,,,,,,,,,,,,,,,,,,,,,,,,,,,,,,,,,,,,,,,,,,,,,359,,,,,,,,,,,,,,,,,,,,,,,,,,,,,1493,,,,,,,,,,,,,,1279,,,,,,,,,,,,,,,,,,,,,,,,,,,,,,,,,,,,,,
"Gabon",,,71,,,717,,,,,,,,,,,,,,324,,33794,,,,,,,,,,,4526,109,,,32792,189,,,2929,,,224,,,,,10564,,,2197,,,,,,104,5766,,,,,,,,56283,,,,,,,,10403,,,,,,57,4119,,,,,,,,3222,,,,,,,,,,,,,,11,,,21,,,,,,,,,1619,,,,,,,,,,,35709,,,,,,,,,,,,,463,,,,,,,,,,,15479,,,,,,,,,,,,,,,,126,,,,,136,,,,,,,,4213,,19746,,,,,,,,,,9,,,,,,,,,,19,,,,,14900,,,,145,,,,,,,,,,356,,,,,,,,,,,
"Sao Tome and Principe",,,,,,358,,,,,,,,,,,,,,,,,,,,,,,,,,,,,1363,,,,,,,,,,,,,,,,,,,,,,,,,,,,,,,,146,,,,,,,,,,,237,,,,,,,,,,,,,,,,,,,,,,,,,,,,,,,,,,,,,,,,,,,,,,,,,,,,,,,,,,,,,,,116,,,,,,,,,,,,,,,,,,,,,,,118,,,,,,,,,,,,,,,,,,,,,,,,,,,,,,,,,,,,,,,,,,,,,,,,,,,,,,,,,,,,,,,,,,,,
"Algeria",,,,,,,,,,,,,,,,,,,,,,,,,,,,,,,,,,,,,,,,,,,,,,,,,,,,,,,,,,,,,,,,,,,,,,,,,,,1000,,,,,,1399,,,,,,,,,,,,,,,,,,2600,,13632,,,,1332,,,4063,,,,2150,,,,2203,,,4182,,,,,,1577,,,,,,,,,,,,,,,,,,,,,,,,,,,,,,,,,,,,,,,,,,,,,,1443,,,,,,,,,,7062,,,,,,,,,,20810,,,,,56961,2873,,,,,5526,,,,,,,,,,,,,,,,,1440,,1968,,,,,,,,90939,4257,,
"Egypt",235,134,987,,,32,,19,279,179,,524,674,37,17,448,283,,311,626,,42,,,,,70,,146,,77,77,74,42,,,141,707,,65,371,,31,856,,,65,1013,83,,,256,115,,,96,225,115,146,337,414,,,14,,237,,2368,30,1457,,,,278,3184,,,,33,,8609,262,11,1423,,,,,11,160,103,,,,,149,,1387,3211,168,11877,107,,790,4661,,1286,5846,237,154,,3334,70,,,3542,,53,5591,,,,46,32,3144,32,241,,,,174,,,74,,91,17,,,1183,19,14,298,,,1105,,103,,130,904,,,135,605,689,,,,,,1222,423,51,,446,333,70,,270,8348,50,,,,,,,,,9125,473,,23,70,160,,70,,,22709,249,,463,249,150486,31589,,,394,1521,146837,145,1199,134,,,,,,872,998,53,,,97,191,797,3504,163,6730,,,126,,38,,,,6351,30,38
"Libya",320,301,3589,,,,,,,255,,748,752,,,968,1250,,761,675,,,,,,,329,,255,,,,,,,,,2850,,,860,,,3074,,,,4295,402,,,596,,,,,,,434,770,1425,,,,21004,708,,1983,,1831,,,,830,5027,,,,,,7029,614,,2617,,,,,,,310,,,,,338,,4842,13064,411,68477,,,,6690,,1005,20408,802,335,,10800,,,,11067,,,,,,,,,7921,,338,,,,357,,,,,276,,,,4899,,,,,,1770,,,,357,2850,,,335,1693,2459,,,,,,4410,678,,,1414,715,,,596,7246,,,,,,,,,,35474,1120,,,237,669,,,,,104539,647,1776,726,367,286136,14428,,,748,932,27762,678,2850,,,,,,,3084,2535,237,,,,874,2775,7232,264,9885,,,376,,,,,,21380,,
"Morocco",,,13664,,,,,,,,,,,,,,,,,1426,,,,,,,,,,,,,,,,,,,,,,,,,,,,,1913,,,,,,,,,,,,,,,,1890,,,,,,,,,,29271,,,,,,1465,,,,,,,,,1001,,,,,,,,,,,1743,,,,1928,,,,,,,,,,,1373,,,1196,,,,,,,,,,,,1619,,,,,,,,,,,,,,,,,,,,,,,,,,,,,,,,,,,,,,,,,,,,,,,,,,,1837,,,,,,,,,,,,4167,,,,,,,,2082,,,,,,,,,2622,,,,,,,,1233,,1858,,,,,,,,,,,
"Sudan",,,,,,,,,,,,,,,,,,,,,,,,,,,,,,,,,,,,,,,,13489,74514,,,1111,,,,,,,,,,,,,,,800,,,,,,13423,,,159748,,60734,,,,,,,,,,,,,,,,,,,,,,,,,,,,1277,,,,,,,,,,,,2575,,,,,,,,,1557,,,,,,,,678,,,,,,,,,,,,,,,,,,,,,,,,14828,,,,,,,,,,,,,,,,,,,,,,,,,,,,,,,,,,,,,,,,130,,135558,,,,,,,,,,,,,,,,,,,,,,,1250,,,,,,,,,,,,,,,,
"Tunisia",,,10443,,,,,,,,,,,,,,,,,,,,,,,,,,,,,,,,,,718,,,,,,,,,,,,,,,648,,,,,,,,,,,,,1140,,,,,,,,,,8638,,,,,,1453,,,,,,,,,,,,,,,,,,,,638,,,,2209,,,,,,,,,,,,,,9147,,,,,,,,999,,,,530,,,,,,,,,5803,,,,,,,,,,,544,,,,,,,,,,,,,,,,,,,,,,,,,,,,,,,411,,,,,,,,,,,,,,553,,,,,,1232,,,,,,,,,,,,,,,,,,,609,,,,,,,,,,,
"Western Sahara",,,78,,,,,,,,,,,,,,,,,,,,,,,,,,,,,,,,,,,,,,,,,,,,,,,,,,,,,,,,,,,,,,,,,,,,,,,,268,,,,,,,,,,,,,,,954,1007,,,,,,,,,,,,,,,,,,,,,,,,,,,,,,,,,,,,373,,,,542,,,,,,,,,,,,,,,,,,,,,,,,,,,,,,,,,,,,,,,,,,,,,,,,,,,1745,,,,,,,,,,,,,,,,,,,,,,,,,,,,,,,,,,,,,,,,,,,,,,,,,,
"Botswana",,,,,,3550,,,,,,448,,,,,,,,,,,,,,,,,,,,,,,,,,417,,,,,,4230,,,,,,,,,,,,,,,3391,395,,,,,,,,,,,,,,,,,,,,,1286,,,,,,,,,,,,,,,,,9519,,,,716,,,624,,,,,715,,,,,,,3258,,,,,,640,4596,,,,,,,,1881,,,,,,,,,1185,,1845,,,728,,,,,744,,,448,,700,,,,,,,,531,,,,,,,,,,,,,,,,,,,,266,,,,,,,,37265,,,1925,,,,696,500,,,,,,,,,,,,,,,,1645,,,8264,2967,1277,,,,,,,,,,12833,31625
"Lesotho",,,,,,,,,,,,,,,,,,,,,,,,,,,,108,,,,,,,,,,,,,,,,121,,,,,,,,,,,,,,,,,,,,,,,,,,,,,,,,,,,,,,89,,,,,,,,,,,,,,,,228,,,,,,,,,,,,,,,,,,,,,,,,,,36,,,,,,,,,,,,,,,,,23,,4,,,,,,,,,,,,,228,,,,,,,,,,,,,,,,,,,,,,,,,,,,,,,,,,,,2610,,,,,,,36,,,,,,,,,,,,,,,,,137,,,,85,89,,,,,,,,,,69,69
"Namibia",39,,443,,,33980,,429,45,57,,491,558,,45,44,29,,,168,,143,,,,,,603,489,,,27,65,356,,,108,172,,,,,29,2847,,,,,1024,,,27,,623,,,69,92,2918,103,,,,,159,,,,,193,,,,72,491,,,,78,,8309,131,,,,,,,,48,,,,,,,,617,82,27,,55,,99,755,,103,,,1017,,,,,,42,115,,32,,,39,,338,,,,,,,,97,,,,,,,,,125,,,,,473,,45,,,900,,,48,,152,,,,,,225,154,396,,,32,,,27,416,328,,,,,,,,,,27,,51,149,,,,,,85,7775,,315,,,182,,179,92,392,,,67,,,,,,,,32,,,,440,235,,1575,1006,962,,,,,,,,,,2772,13247
"South Africa",83,164,457,,,30268,,,2419,,,7350,5501,,,177,2908,30,218,8538,,197,62,,164,,184,45014,3151,23,23,4224,,5227,,,2709,6114,,121,,,609,25180,1734,,539,199,21955,,,1229,1020,1647,,5278,2141,125,70077,2715,,,,,4961,,,1604,149,44891,,,47,695,8132,,,318,,,40902,7156,54,9697,,,,,91,80,30,56,,,,,32,43250,1309,710,151,13009,,4799,25070,197,1879,56,,17686,,91,22,32,427,994,350611,606,164,,431,28,461,76605,927,56,108,348,,,,9132,,292,,26,,,,1166,449710,218,133282,23,130,21600,,3190,110,21,17753,21,28,1137,32,10724,,58,62,121,208,1610,10061,48738,,,1788,,340,1738,3645,4019,242,26,,,,,,,630,2956,4132,715,467,927,,429,,,69688,,,1565,1059,99,3109,,91232,247,2111,129,,940,123,,,,,26,117,1213,,,,12837,4090,184,318536,10181,18114,,117,,,305,164,,,84,60469,475406
"Swaziland",,,,,,122,,,,,,55,,,,,,,,,,,,,,,,41,,,,,,219,,,,19,,,,,,,,,,,72,,,,,,,,,,162,,,,,,,,,,,30,,,,,,,,,,,,,,,,,,,,,,,,,,,,,,,,,,,,,,,,,,,,,,,221,46,,,,,,,,,,,,,,,,,,,,,,,10393,,,,,,,25,,,,,,,,,,,,,,,,,,,,,,,,139,,,,,,,,,,,,,,,,,,,89,12511,,,,,,,,,,,,,,,,,,,,,,,,55,,,,,256,,,,,,,,,,,
"Benin",,,,,,,,,,,,,,,,,,,,,,,,,,,,,,,,,9948,,,,,,,,699,,,,,,,,1910,,,13742,,,,,,,,,,,,,,,,,,,,,,,1797,,,,,,,10211,,,,,,,,,,,,,,,,,,,,,,,,,,,,,,,,,,,,,,,,,,,,,1290,,,,,,,,,,,,,,,,,,,,,,,75775,44603,,,,,,,,,,,,,,,,,,,,,,,,,,,,,,,,,,,,,,,,,,,,,,,,,,,,,,,,48118,,,,,,,,,,,,,,,,,,,,,,,,,
"Burkina Faso",,,,,,,,,,,,,,,,,,,,,,4178,,,,,,,,,,,,,,,,,,,,,,,,,,,,,,540779,,,,,,,,,,,,,,,,,,,,,,,,,,,,,,32217,,,,,,,,,,,,,,,,,,,,,,,,,,,,,,,,,,,,,,,,,,,,,43815,,,,,,,,,,,,,,,,,,,,,,,12757,5170,,,,,,,,,,,,,,,,,,,,,,,,,,,,,,,4033,,,,,,,,,,,,,,,,,,,,,,,,,15393,,,,,,,,,,,,,,,,,,,,,,,,,
"Cabo Verde",,,,,,370,,,4,,,,,,,,,,,10,,,,,,,,,286,,,,,,,,,,,,,,,23,,,,,,,,7,,85,,,,,,,,,,,,,,,,,,,,,201,,,8,5,,67,42,,,,,,,,413,5015,,,,,,,,,,,,,,407,,1,,,,,,,,,,,,,,,4,,,,,7,,,,,,,3,,,,,,,26,,,,,37,,,,,670,,,,,,,,,,3,,,1159,,,,,,,698,,,,,,,,,1712,,1478,,,15,,,,,,,,,143,,,,,,,13,,,,,8,,,,,,,,,,,22,,52,,351,71,,,,,,,,,,
"Côte d'Ivoire",,,,,,,,,,,,,,,,,,,,,,54068,,,,,,,,,,,1294323,,292,,,,,,,,,,,,,,,,,,,,,,,,,,,,,,,,,,,,,,,,,,,,44,,,42749,,,,,,,,94980,329,,,,,,,,,,,,,,,,,,,,,,,,,,,82428,3665,,,,,,,,356019,,,,7997,,,,,,,,,,,,,,,,,,,49783,38917,,,,,,,,,,,,,,,,,,,,,,,,,,,,,,,18994,,,659,,,,,,,,,,,,,,,,,,,,,,50328,,,,,,,,,,,,,,,,,,,,,,,,,
"Gambia",,,,,,,,,,,,,,,,,,,,,,,,,,,,,,,,,,,,,,,,,,,,,,,,,,,,,,,,,,,,,,,,,,,,,,,,,,,,,,,,,,,,,,,,,,40369,12328,,,,,,,,,,,,,,,,,,,,,,,,,,,968,,,,,,,,,9251,,,,3257,,,,,,,,,,,,,,,,,,,,,,,,,,,,,,,,,,,,,,,,,,,,,,,,,,,118452,,,2330,,,,,,,,,,,,,,,,,,,,,,,,,,,,,,,,,,,,,,,,,,,,,,,
"Ghana",,,13,,,,,,,,,32,,,,,,,,,,16551,,,,,,,13,,,,57733,,,,113,273,,,15,,,224,,,,,,,,30359,,,,,,,30,,,,,,38,,,,,30,,,,,216,,,,36,,,,,,,,,,,135,,,,,,,,839,,,,,,45,228,,55,,,15,,,,,,970,,27689,,,,,,,,,4949,,,,13,,,,,,,,,,,,,,,180,,,,5826,67629,,,,,65,,,,,,27,46,,,,,,,,65,369,,,,,,,,,,72,,,2298,,,,,,,,,,20,,25,,,,143,51,,,,,87494,,,,,,,,,,,,1339,8,602,,,,,,,,,,,
"Guinea",,,,,,,,,,,,,,,,,,,,807,,9250,,,,,,,968,,,,1882,,379,,,1163,,,,,,522,,,,,,,,13608,,234,,,,,,,,,,,,,,,,,,,,,6459,,,,3186,,3335,5257,,,,,,,,,11011,,,,,,,,,234,,,,,395,,103,,,,,,,,,3347,,32706,,,,,,,,,61197,,,,1504,,,,,,,,,,,,,,,,,,,5478,3578,,,,,,,,,,,,,928,,,541,,,,1876,,,,,,,,,,2679,26640,,,15098,,,,,,,,,228,,,,,,,,111,,,,,5773,,,,,,,,,,326,,,,2169,,,,,,,,,,,
"Guinea-Bissau",,,,,,,,,,,,,,,,,,,,,,,,,,,,,,,,,,,552,,,57,,,,,,,,,,,,,,,,,,,,,,,,,,,,,,,,,,,,,110,,,,1495,,,,,,,,,,,4938,,,,,,,,,,,,,,,,,,,,,,,,,,,,898,,,,,,,,,,,,,559,,,,,,,,,,,,,,,,,,,,,,,,,,,,,,,,,823,,,,,,,,,,,,,,,,,,11087,,,812,,,,,,,,,,,,,,,,,,,,,,,,,,,,,,,,,,,,311,,,,,,,,,,,
"Liberia",,,,,,,,,,,,,,,,,,,,,,20,,,,,,,,,,,234,,,,,35,,,,,,,,,,,,,,40985,,,,,,,,,,,,,,,,,,,,,,,41,,,,750,,50,7468,,,,,,,,37380,118,,,,,,,750,,,,,,,12,,,,,,,,,,,920,,,,,,,,,,,1338,,,,,,,,,,,,,,,,,,,43,,,,58,5199,,,,,,,,,,,,,,,,,,,,,,,,,,,,,,,360,,,11413,,,,,,,,,51,,,,,,58,25,,,,,,364,,,,,,,,,,,,58,,436,,,,,,,,,,,
"Mali",,,4305,,,517,,,,,,,,,,,,,,,,4035,,,,,,,,,,,23922,,,,4405,,,2104,,,,584,,,,,29972,,,20144,,,,,,,,,,,,,,,,,,,,,,,18238,,,33255,4426,,,18561,,,,,,,,17762,,,,,,,,,,,,,,,,,,,,,,,,,,,,4366,,,,,,,,,,,,,17189,,,,,,,,,,,,,,,,,,,3819,11840,,,,,,,,,,,,,,,,,,,,713,,,,,,,,,,,5501,,,9143,,,,,,,,,,,,,,,,,,,,,,6653,,,,,,,,,,,,,,1728,,,,,,,,,,,
"Mauritania",,,1634,,,,,,66,,,,,,,,,,,60,,551,,,,,,,159,,,,,,,,392,50,,,51,,,158,,,,,,,,462,,,,,,,90,,,,,,225,,,,,,,,,,,,,84,,,,206,,,,,,,,3105,1203,,,,,,,,,,112,,,,54,,,,,,,31,,,,118,,,138,,,,,,,,56557,,,,,,,,,,,,,342,,,,,,,,,,150,,,,,,,,,,,,,,,,,69,,,,60,,,,,,,,,,305,38574,,,,,,,,,,,,84,,161,,,,,,180,,,,,144,,,,248,,,,,,,68,,,108,,,,,,,,,,,
"Niger",,,460,,,,,,,,,,,,,,,,,,,17908,,,,,,,,,,,19323,,,,417,,,,756,,,,,,,,,,,1419,,,,,,,,,,,,,,,,,,,,,,,,,,,,,,1680,,,,,,,,,,,,,,,,,,,,,,,,,,,,,,,,,,,,,157,,,,,,,,84640,,,,,,,,,,,,,,,,,,,,,,,,19436,,,,,,,,,,,,,,,,,,,,,,,,,,,,,,,1150,,,,,,,,,,,,,,,529,,,,,,,,,,9702,,,,,,,,,,,,,,,,,,,,,,,,,
"Nigeria",,,,,,,,,,,,,,,,,,,,,,351985,,,,,,,,,,,,,,,26893,,,,29175,,,,,,,,,,,,,,,,,,,,,,,,,,,,,,,,,,,,,,,,,222377,,,,,,,,,,,,,,,,,,,,,,,,,,,,,,,,,,,,20541,,,,,,,,,160967,,,,,,,,,,,,,,,,,,,,,,,112733,,,,,,,,,,,,,,,,,,,,,,,,,,,,,,,,,,,4073,,,,,,,,,,,,,,,,,,,,,,147698,,,,,,,,,,,,,,,,,,,,,,,,,
"Saint Helena",,,,,,,,,,,,,,,,,,,,,,,,,,,,,,,,,,,,,,,,,,,,,,,,,,,,,,,,,,,,,,,,,,,,,,,,,,,,,,,,,,,,,,,,,,,,,,,,,,,,,,,,,,,,,,,,,,,,,,,,,,,,,,,,,,,,,,,,,,,,,,,,,,,,,,,,,,,,,,,,,,,,,,,,,,,,,,,,,,,,,,,,,,,,,,,,116,,,,,,,,,,,,,,,,,,,,,,,,,,,384,,,,,,,,,,,,,
"Senegal",,,4050,,,,,,,,,,,,,,,,,,,3487,,,,,,,626,,,,,,,,979,,,,,,,,,,,,,,,2715,,,,,,,,,,,,,,,,,,,,,,,13391,,,,4984,,843,1724,,,,,,,,49780,28501,,,,,,,,,,,,,,,,,,,,,,,,,1066,,,,,,,,,,,32930,,,,51490,,,,,,,,,3981,,,,,,,,,,1633,819,,,,,,,,,,,,,,,,,,,,,,,,,,,,,,1377,,,,14398,,,,,,,,,,,,,,,,,,,,,,1613,,,,,,,,,,,,,,773,,,,,,,,,,,
"Sierra Leone",,,,,,,,,,,,,,,,,,,,,,239,,,,,,,,,,,30,,1,,,33,,,,,,257,,,,,,,,66,,,,,,2,,,,,,,,,,,,,,,,,,,,,4828,,122,1202,,,,,,,,68467,19,,,,,,,371,,,,,,,,,3,,,,,,,,,2015,,6536,,,,,,,,,1797,,,,129,,,,,,,,,,,,,,,,,,,147,1949,,,,,,,,,,,,,,,,10,,,,67,,,,,,,,,,,677,,,,,,,,,,218,,,,,,,,,,,,,,,36,,,,,,,,,,,,561,,464,,,,,,,,,,,
"Togo",,,,,,,,,,,,,,,,,,,,65,,71438,,,,,,,,,,,13601,,40,,697,48,,375,713,,,517,,,,,257,,,5746,,,,,,,651,,,,,,,,107,,,,,,,,792,,,896,1063,,200,46794,,,,,,,,3338,130,,,,,,,,,,,,,,,,,,,,,,,,,,,168,,,,,,,,,8122,,,,145,,,,,,,,,,,,,,,,,,,65529,31974,,,,,,,,,,,,,,,,,,,,,665,,,,,,,,41,,1008,,,105,,,,,,,,,,,,,,,,,,,,,,,,,,,,,,,,,,,,182,,,,,,,,,,,
"Kazakhstan",,,,,,,,,,9144,,,,48377,,,,,69136,,,,,,,,,,,,,4263,,,,,,,,,,,,2162,,,,,,,,,,,,,,61600,,,,,,,,,,,1113,,,,,,,,,,,3275,218348,,,7846,,,,,,,,,,,,,,,,,,,,,,,,,,,,,6734,,1113,,,,,,4386,,,,,,,,,,,,,,,,,,,,,,,,,,,,,,,,,,,,,,,,,,29224,,,,31916,12048,,,2352598,,,,,,,,,,,,,,,,,,,,,,,,,,,,,,,,15816,,,,,,,,,46894,1050,,,,338022,,,,,,,281713,,,,,,,,
"Kyrgyzstan",,,,,,,,,,2380,,,,4678,,,,,9947,,,,,,,,,,,,,,,,,,,,,,,,,271,,,,,,,,,,,,,,1777,,,,,,,,,,,573,,,,,116,,,,,,3270,1820,,,,,,,,,,,,,,,,,,,,,,,,,,,,12940,,,,,,902,,,,,,2649,,,,,,,,,,,,,,,,,,,,,,,,,,,,,,,,,,,,,,,,,,3212,,,,233,2660,,482,111753,,,,,,,,,,,,,,,,,,,,,,,,,,,,,,,,2205,,,,,,,,,1051,1001,,,,26771,,,,,,,9183,,,107,,,,,
"Tajikistan",7587,,134,,,,,,,200,,,66,175,,,,,703,,,,,,,,,,,,24,,,,,,,51,,,,,,49,,,,,,,,,,,,,,162,,135,,,,,,,,,,,,,,,,,,,,687,139,,,,,,,,,,,,,,,,,639,,1238,65,,,,,,,,868,,,,11667,,,,,,,,,,,,,,,,,,,,,,,,,,,,,,,,,52,,113,,26,,,,,37,154,,,,,,,38,,,,,814,,,237935,,,,,,,,,,,,,,,,,,,,,,,,,,,,,,54,,,,,,,,,,,803,462,,,,1250,,325,,283,23,,7798,,,,,,,24,
"Turkmenistan",,,,,,,,,,7009,,,,7636,,,,,3868,,,,,,,,,,,,,,,,,,,,,,,,,,,,,,,,,,,,,,,,,,,,,,,,,,,,,,,,,,,,,,1858,,,,,,,,,,,,,,,,,,,3204,,,,,,,,,18152,,,,,,,,,,,,,,,,,,,,,,,,,,,,,,,,,,,,,,,,,,,,,,,,,,,,,,,,,,,,,,62351,,,,,,,,,,,,,,,,,,,,,,,,,,,,,,,,,,,,,,,,,,,,,,4822,,,,,,,84960,,,,,,,,
"Uzbekistan",,,,,,,,,,5870,,,,20357,,,,,26532,,,,,,,,,,,,,,,,,,,,,,,,,,,,,,,,,,,,,,,,,,,,,,,,,,,,,,,,,,,,,,8610,,,,,,,,,,,,,,,,,,,,,,,,,,,,13194,,,,4894,,,,,,,,,,,,,,,,,,,,,,,,,,,,,,,,,,,,,,,,,,,,,,,,,,,,,,,,,,877690,,,,,,,,,,,,,,,,,,,,,,,,,,,,,,,,11496,,,,,,,,,,763,,,,124602,,,,,,,,,,,,,,,
"China",,,,,,,,,,,,5227,,,,,4018,,,,,,,,,,,,74289,,,,,,,,,8629,,,,,,,270252,24399,,,,,,,,,,,,,,,,,,,,,,,,,,,,,,,,,,,,,,,,,,,,,,,,,,,,8968,39736,,,,,,,,6826,,,,,,,,,,,,,,,,,,6130,,,,,,,,,,,,,,,,,,,,,,,,,,,,,,,4404,,,,,13483,73070,,,,,186786,,,,2963,,,,,,,,,,,,,,,,,,,,,,,,5435,,,,,,,,,15192,,,,,,,,,,,,,,,9108,,26777,,,,,,28095,,,,,
"China, Hong Kong Special Administrative Region",,,,,,,,,,,,9091,,,,,444,,,,,,,,,,,,,,,,,,,,,14660,,,,,,2307783,,71305,,,,,,,,,,,,,,,,,,,,,,,,,,,,,2194,,,,,,1973,,,,,,,,,,,,,,,,,18004,134593,,,695,,,642,,14185,,,,,,,,,,,,,,,,,,15273,,,,,,,,,,,,,,,,,,,,9334,1020,,2247,,,,,,,,7554,,,,,,117914,,109,,,4832,,,,88,,,,,,,,,,,,,,,9879,,,,,,,,401,782,,,,,,726,,,19192,,,,,,,,,,,,,,,17666,,13250,,,,,,10930,,,,,
"China, Macao Special Administrative Region",,,,,,,,,,,,,,,,,,,,,,,,,,,,,,,,,,,,,,,,,,,,281611,22111,,,,,,,,,,,,,,,,,,,,,,,,,,,,,,,,,,,,,,,,,,,,,,,,,,,,,,,,,,,,,,,,,,,,,,,,,,,,,,,,,,,,,,,,,,,,,,,,,,,,,,,,,,,,,,,,,,,,,11864,,1566,,,,,,,,,,,,,,,,,,,,,,,,,,,,,,,,,,,,,,,,961,,,,,,,,,,,,,,,,,,,,,,,,,,,,
"Democratic People's Republic of Korea",,,,,,,,,,,,202,,,,,152,,,,,,,,,,,,2780,,,,,,,,,331,,,,,,28594,164,,,,,,,,,,,,,,,,,,,,,,,,,,,,,,,,,,,,,,,,,,,,,,,,,,,,,363,1414,,,,,,,,210,,,,,,,,,,,,,,,,,,196,,,,,,,,,,,,,,,,,,,,,,,,,,,,,,,170,,,,,522,2925,,,,,5358,,,,145,,,,,,,,,,,,,,,,,,,,,,,,153,,,,,,,,,563,,,,,,,,,,,,,,,304,,1028,,,,,,751,,,,,
"Japan",,,,,,,,,2678,,,9062,502,,,,8869,,,628,,,,,,,,,182227,,,,,,,3098,,9072,,,,,,652413,,,,,,,,,,,,,,,,526,,,,,1545,,,,,,,,,621,8924,,,,,,5576,1844,,,,,,,,,,,,,,,,22641,27354,3992,,1044,,,2934,,,,,,,,,,,,,,,,,,,,8012,,,,,,,,,1937,,,,,,,,,,,,958,,3125,,,2466,,,418,,11178,,,,,48837,210243,1093,428,,,522486,,,,7549,,,,,,,,,,,,,,,2238,,,,,,,,2068,9240,,,,,1736,971,,,41422,,,,,,,,,,,,,,,14959,,50243,,,,,,72620,,,,,
"Mongolia",,,,,,,,,,,,208,15,,,,,,,,,,,,,,,,,,,15,,,,,,133,,,,,,9373,,,,,,,,,,,,,16,561,,,,,,,,,,,,,,,,4,73,,,,,,162,,,,,,,,,,,,,,,10,,98,,,,8,,,19,,369,,187,,,,,1,,,,,,,,,,,,,,,,,,,,,,,,,,,,,,,,,,,,,,,,,,19,,,,,,152,12,,,,1643,,,,2670,,,,,,,,,,,,,,,,,4,,,,,,,,,,,,,19,,,,4,,,,,,,198,,,,,,,87,,709,,1,,,,246,,,,,
"Republic of Korea",,,,,,,,,,,,4082,,,,,13733,,,,,,,,,,,,,,,,,,,30705,,14153,,,,,,750639,,,,,,,,,,,,,,,,,,,,,,,,,,,,,,,1899,,,,,,1465,,,,,,,,,,,,,,,,,7004,33340,,,,,,,,23912,,2065,,,,2747,,,,,,,,,,,,1600,,,,,,,,,,,,18407,,,,,11514,,,13573,,,1810,,,1214,,,,,12276,,,,,,38835,,,,,,,,,8702,,,,,,,,,,,,,,,,,,,,,1574,,,25605,,,,,,,,,26225,,,,,,,,,,,,,,,3906,,68784,,,49862,,,113998,,,,,
"Brunei Darussalam",,,,,,,,,,,,515,,,,,1234,,,,,,,,,,,,,,,,,,,,,,,,,,,2055,515,,,,,,,,,,,,,,,,,,,,,,,,,,,,,,,,,,,,,,,,,,,,,,,,,,,,,3081,6165,,,,,,,,204,,,,,,,,,,,,,,,,,,48285,,,,,,,,,,,,,,,,,,,,5344,307,,204,,,,,,,,821,,,,,,13457,,,,,153,,,,,,,,,,,,,,,,,,,1541,,,,,,,,,1234,,,,,,,,,14384,,,,,,,,,,,,,,,2055,,153,,,,,,,,,,,
"Cambodia",,,,,,,,,,,,116,,,,,,,,,,,,,,,,,,,,,,,,,,42,,,,,,1518,116,,,,,,,,,,,,,42,,,,,,,,,,,,,,,,,275,,,,,,38,,,,,,,,,,,,,,,,,95,105,,,,,,15,,125,,,,,,,260,,,,,,,,,,,172,,,,,,,,,,,,,,,,,52,,,45,30,,,,,,,,,,41,,,,,,152,,,,,56,,,,30,,,,,,,,,,,,,,,123,,,,,,,,,47,,,,,,,,,30806,,,,,,,,,,,,,,,92,,195,,,,,,36436,,,,,
"Indonesia",,,,,,,,,,,,10547,,,,,,,,,,,,,,,,,,,,,,,,,,2086,,,,,,70319,,,,,,,,,,,,,,,,,,,,,,,,,,,,,,,,,,,,,,,,,,,,,,,,,,,,,,11648,,,,,,,,,18391,11648,,,,,,,,,,,2201,,,,,,2201,,,,,,,,,,,,,,,,,,,,,6760,,,,,,,,,,7998,,,,,,3915,,,,,31064,,,,,,,,,,,,,,2201,,,,,21907,,,,,,,,,,,,,,,,2201,,21907,,21907,,,,,,,,,,,,,30446,,11746,,,,,,,,,,,
"Lao People's Democratic Republic",,,,,,,,,,,,17,,,,,,,,,,,,,,,,,,,,,,,,1231,,,,,,,,3114,,,,,,,,,,,,,,,,,,,,,,,,,,,,,,,,,,,,,,,,,,,,,,,,,,,,,,,,,,,,,,,,,,,,,,,,,,,,,,,,,,,,,,,,,,,,,,,,,,249,,,,,,,,,,,,,,,,,,,,,,,,,,,,,,,,,,,,,,,,,,,,,,,,,,,,,,,,,,,,,,1688,,,,,,,,,,,,,,,,,,,,,,,11634,,,,,
"Malaysia",498,,,,,,,,,,,5310,,,,,358432,,,,,,,,,,,,,,6083,,,,,14127,,,,,,,,10368,,,,,,,,,,,,,,,,,,,,,,,,,,,,,,,,,,,,,,,,,,,,,,,,,,,,,,132699,1070433,,578,,,,,,16450,,,,,,,,,,,,,,,,,,,,,,,,,,,,,,,,,,,252292,,,205021,,,2141,,,,,,,,26858,,,,,,21732,,,,,3424,,,,,,,,,,,,,,,,,,,79519,,,,,967,,,,6634,,,,,,,,,8283,,,,,,,,,,,,,,,9852,,,,,,,,87272,,,,,
"Myanmar",,,,,,,,,,,,,,,,,1024,,,,,,,,,,,,,,,,,,,,,,,,,,,33656,,,,,,,,,,,,,,,,,,,,,,,,,,,,,,,,,,,,,,,,,,,,,,,,,,,,,,26205,,,,,,,,,,,,,,,,,,,,,,,,,,,,,,,,,,,,,,,,,,,,,,,,,,,,,,,,,,2975,,,,,,,,,,,,,,,,,,,,,,,,,,,,,,,,,,,,,,,,,,,,,,,,,,,,,,,,,,,,,,,,,,,,,,,,,,,,
"Philippines",1220,116,462,,,76,,,148,135,63,3993,503,,,111,158,,,533,,,,,35,,,,162,,82,,,,131,39,,5565,,,,,93,35952,256,,125,,529,,39,,,,,,,5753,32,442,,,,459,161,,,,,,,,,112,1204,,,,,,3786,34,,153,,,,1008,34,,,,,,,244,53,10639,3304,586,71,431,,614,1731,,13749,177,,53,,171,,287,,134,,,48,,,,,,793,,,,,,,,,145,,,,,,,,421,,,68,483,,383,,,192,,,653,408,499,34,,60,,111,,110,60,51,120,6906,,,35,67,,,,,,,,,,733,,,,,820,,,,,,813,,1305,172,,62,125,,605,1033,62,,340,,141,,,,,568,879,,,,,,431,4282,,35564,,,,,,413,,,,,
"Singapore",,,,,,,,,,,,10129,,,,,80747,,,,,,,,,,,,,,,,,,,,,4700,,,,,,448566,61969,22199,,,,,,,,,,,,,,,,,,,,,,,,,,,,,,,,,,,,,,,,,,,,,,,,,,,,150082,163237,,,,,,,,,,,,,,,,,,,,,,,,,,1123654,,,,,,,,,,,,,,,,,,,,,,,3938,,,,,,,,129253,,,,,,15392,,,,,,,,,,,,,,,,,,,,,,,,,,,,,,,,,10730,,,,,,,,,19269,,,,,,,,,,,,,,,,,17161,,,,,,,,,,,
"Thailand",1,,,,,,,,,,,1196,,,,,1022,,,,,,,,,,,,,,,,,,,805272,,606,,,,,,100320,,,,,,,,15,,,,,,0,12,669,,,,,1,,,,,0,,,,,1178,,,,,,1967,,,,,,,,,,,,,,,,,7928,660,9,79,,,,530,,6550,,,,,,,969267,,,,2,,,,,,,1195,,,,,,,,,,,,,,,,,1978348,,,8140,736,,1352,,,,,,607,,2084,,,,,,1203,,652,,,660,,,,,4,,,,,,,,,2,,,,,623,,,,,143,,,,5597,9,1,,,640,821,,,,,,3,,,,,1,,,,0,,,2767,,3493,,,,,,5825,,,0,,1
"Timor-Leste",,,,,,,,,,,,509,,,,,125,,,,,,,,,,,,185,,,,,,,,,,,,,,,1123,,,,,,,,,,103,,,,,,,,,,,,,,,,,,,,,,,,,,,,,,,,,,,,,,,,,,,,,5426,,,,,,,,,,,,,,,,,,,,,,,,,,162,,,,,,,,,,,,,,,,,,,,,,,168,,,,,,,,230,,,,,,716,,313,,,,,,,,,,,,,,,,,,,,,,71,,,,,,,,,,,,,,,,,,145,,,,,,,,,,,,,,,,,68,,,,,,196,,,,,
"Viet Nam",,,,,,,,,,,,37,,,,,7895,,,,,,,,,,,,,,,,,,,990,,1454,,,,,,3005,,,,,,,,,,,,,,1503,,,,,,,,,,,,,,,,,205,,,,,,,,,,,,,,,,,,,,,,,1938,7860,,,,,,,,1843,,,,,,,6956,,,,,,,,,,,128,,,,,,,,,,,,,,,,,11187,,,2315,,,,,,,,,,,591,,,,,,113,,,,,1805,,,,,,,,,,,,,,,,,,,1751,,,,,,,,,79,,,,,,,,,11552,,,,,,,,,,,,,,,1119,,3164,,,,,,,,,,,
"Afghanistan",,,,,,,,,,,,,,,,,,,,,,,,,,,,,,,,,,,,,,,,,,,,,,,,,,,,,,,,,,,,,,,,,,,,,,,,,,,,,,,,,,,,,,,,,,,,,,,,,,,,,,,,,,,,,,,,,,,,,,,,,,,,,,,,,,,,,,,,,,,,,,,,,,,,,,,,,,,,348369,,,,,,,,,,,,,,,,,,,,,,,,,,,,,,,,,,,,,,,,,,,,,,,15031,,,,,,,,,,,,,,,,,,,,,751,,,,,,,,
"Bangladesh",,,,,,,,21664,,,,,,,,30160,,,,,,,,,,,,,14919,,,,,,,19642,,,,,,,,177772,,,,,,,,,,,,,,,,,,,,,,,,,,,,,,,,,,,,,,,,,,,,,,,,,,,,,,34431,157862,,,,,,,,13763,,,,,,,88155,,,,,,,,,,,233561,,,,,,,,,,,,,,,,,201346,,,39059,,,,,,,,,14311,,,,,,,,,,,,,,,,,,,,,,,,,,,,,,,,9583,,,,,,,,,,,,,,,,,,10548,,,,,,,,,,,,,,,33470,,46008,,,,,,27521,,,,,
"Bhutan",,,,,,,,,,,,27,,,,,52,,,,,,,,,,,,,,,,,,,,,37,,,,,,906,,,,,,,,,,,,,,,,38,,,,,,,,,,,,,,,30,,,,,,27,,,,,,,,,,,,,,,,,44732,,,,,,,13,,127,,,,,,,,,,,,,,,,,,,,,,,,,,,,,,,,,,,34,,,717,20,,24,,,,,,,,22,,,,,,19,,,,,33,,,,,,,,,,,,,,,,,,,18,,,,,,,,,33,,,,,23,24,,,61,,,,,,,,,,,,,,,36,,136,,,,,,,,,,,
"India",8086,,,,,,,,,,,663,,,,,3171022,,,,,,,6647,,,,,,,25388,,,,,,,1642,,,,,,7107,,,,,,,,,,,,,,,,,,,,,,,,,,,,,172,,1142,,,,,,2147,,,,,,,,,,,,,,,,,,820,1706,498,,,,,,716,,2204,2380,,6080,,,,,,,,,,,,,12442,199,,,,,,296,,,,,,,,,,50587,,,542947,,,,,,646,,,,,1106212,,,,,,,,156,,,,,,,1348,,,,,,,,,,4476,,,,,4229,,,,,,,,,155195,,,,,,,,,,,,,,,,,105,,,,712,,11986,4866,,2722,,,,,,566,,,,680,
"Iran (Islamic Republic of)",2348369,,,,,,,,,2479,,,,12007,,,,,,,,,,,,,,,,,,,,,,,,,,,,,,,,,,,,,,,,,,,,,,,,,,,,,,,,,,,,,,,,,,,,,,,,,,,,,,,,,,,,,,,85523,,,,,,,,,,,,,,,,,,,,,,,,,,,,,,,,,,,,,,,,,,,,,,,,,,,,,,,28402,,,,,,,,,,,,,,,,,,,,,,,,,,,,,,,,,,,,,,,,,,,,,,,,,,,,,,,,2447,4901,,,,,,,,,,,,,,,,,,,
"Maldives",,,,,,,,,,,,102,20,,,,53565,,,,,,,,,,,,,,,,,,,,,98,,,,,,,,,,,,,,,,,,,,,,,,,,,49,,,,,,,,,,115,,,,,,279,,,,,,,,,,,,,,,,,22120,,,,,,,369,,138,,,,,,,,,14,,,,,,,,,96,,,,,,,,,,,,,,,,,,,,,,,29,,,,,,,,167,,,,,,1429,,,,,,,,,,,,,,,,,,,,,,,,89,,,,,,,,,9448,,,,,29,117,,,139,,,,,,,,,,,,,,,190,,79,,,,,,,,,,,
"Nepal",,,,,,,,,,,,,,,,,233,,,,,,,28740,,,,,,,,,,,,,,,,,,,,20308,,,,,,,,,,,,,,,,,,,,,,,,,,,,,,,,,,,,,,,,,,,,,,,,,,,,,,446491,,,,,,,,,,,,,,,,,,,,,,,,,,,,,,,,,,,,,,,,,,,,,,,,,,,,,,,,,,1268,,,,,,,,,,,,,,,,,,,,,,,,,,,,,,,,,,,,,,,46,,,,,,,,,,,,,,,,,,,,,,,,,,,,,,,,,,,,,
"Pakistan",1618687,,,,,,,,,,,,,,,,,,,,,,,,,,,,,,,,,,,,,,,,,,,334,,,,,,,,,,,,,,,,,,,,,,,,,,,,,,,,,,,,,,,,,,,,,,,,,,,,,,2000908,408,2301,251,,,,,,,,,,,,,,,,,,,,,,,,,,,,,,,,,,,,,,,,,2460,,,,,,,,,,,,,,,,,,,,,,,,,,,,,,,,,,,,,,,,,,,,,,,,,,,,,578,,,,,,,,,,,,,,,,,,,,,,,,,,,,,,,,,,,,,
"Sri Lanka",128,,,,,,,,,,,461,,,,390,653,,,,,,,227,,,,,,,,,,,,,,245,,,,,,2401,,,,,,,,,,,,245,,,,,,,,,127,,,,,,,,,60,292,,,,,,543,,,88,,,,,,,,,37,,,,,10460,314,102,39,,,54,5001,,822,269,,,,1699,,,,718,,,39,,,,,,895,1364,,,,,,,,,,,,,,,,,,,334,,,109,,,,,,115,322,803,,,,,,,,33,,268,592,,,,146,,,,,,,,,,1371,,,25,,593,,,,,,255,,35,,,,,,126,282,72,,269,,,,,,,,44,,,,,,1634,1155,,594,,,,,,,,,,,
"Armenia",,,,,,,,,,,,,,87675,,,,,328,,,,,,,,,,,,,,,,,,,,,,,,,,,,,,,,,,,,,,,,,,,,,,,,,,,,,,,,,,,,,40897,681,,,1096,,,,,,,,,,,,,,,,8733,,,,,,,,,849,,,,,,,915,,,,,,,,,,,,,,,,,,,,,,,,,,,,,,,,,,,,,,,,,,,,,,,,,,,,,,,20580,,,,,,,,,,,,,,,,,,,,,,,,,,,,,,,2828,,,,,,,,,,581,875,,,,2645,,,,,,,1061,,,,,,,,
"Azerbaijan",186,,,,,,,,,148503,,,,,,,,,459,,,,,,,,,,,,,,,,,,,,,,,,,,,,,,,,,,,,,,,,,,,,,,,,,,486,,,,,,,,,,,51141,285,,,,,,,,,,,,,,,,,,,1530,,,,,,,,,3621,,,,2556,,,,,,,,,,,,,,,,,,,,,,,,,,,,,,,,,,,,,,,,,,,,,,,,,,,,,,,283,,,28760,,,,,,,,,,,,,,,,,,,,,,,,,,,,,,,,249,,,,,,,,,2121,1724,,,,2817,,,,,,,17030,,,,,,,,
"Bahrain",656,,,,,,,,,,,,,,,,78396,,,,,,,,,,,,,,,,,,,,,,,,430,,,,,,,,,,,,,,,,,,,,,,,,80889,,,1550,,678,,,,,2027,,,,,,,,,,,,,,,,,,,,,,,302635,22513,,,,,,,,,14493,,,,5409,,,,4508,,,,,,,,,,,,,,,,,,,,,,,,648,,,,,3789,213,,,,,1952,,,,,74710,,,,,,48059,,,,346,,,,,,,,,,,,,,,408,,,,,,,,,,519,,849,,9841,4671,7522,,,,,3044,,1159,,,,,,,468,2170,,,,,,4041,1657,,1120,,,,,,,,,15003,,
"Cyprus",10,309,39,0,,,,,93,1309,,3319,394,39,0,120,725,,378,291,0,10,0,,13,,76,10,66,,5,6857,,5,,0,64,1676,,17,,,53,1783,,,140,,,,5,,93,39,,,752,37,762,188,5,0,13,10,5776,13,,5,32,90,,,5,551,1021,0,,,,17026,2893,93,5,26409,,,,,0,0,,,5,,5,384,37,3062,193,1340,350,865,,426,537,17,93,492,265,93,,259,27,5,183,3067,,,254,,103,13,10,10,50,,,37,,0,,13,,71,,,,,,71,13,50,5,,64,537,,103,13,10,341,,,223,71,579,,22,,10,37,8027,788,71,5,13,10,1048,,6024,14485,0,,,,,0,,,,259,10,2822,10,5,37,,151,17,,13,5532,,174,11001,404,579,5,,1016,421,3628,10,291,22,,,,,17,39,682,13,,,22,3650,169,40547,162,3542,,5,81,,71,71,,,17,151,341
"Georgia",,,,,,,,,,1980,,,,3891,,,,,8272,,,,,,,,,,,,,,,,,,,,,,,,,228,,,,,,,,,,,,,,1479,,,,,,,,,,,477,,,,,,,,,,,,1515,,,,,,,,,,,,,,,,,,,,,,,,,,,,10763,,,,1720,,752,,,,,,2202,,,,,,,,,,,,,,,,,,,,,,,,,,,,,,,,,,,,,,,,,,2673,,,,195,2213,,400,92937,,,,,,,,,,,,,,,,,,,,,,,,,,,,,,,,1834,,,,,,,,,875,833,,,,22263,,,,,,,7639,,,,,,,,
"Iraq",312,,,,,,,,,,,,,,,,,,,,,,,,,,,,,,,,,,,,,,,,,,,,,,,,,,,,,,,,,,,,,,,,14364,,,806,,,,,,,,,,,,,,,,,,,,,,,,,,,,,,232,,14406,,,,,,,,10336,,,,400,,,,1522,,,,,,,,,,,,,,,200,,,,,,,,,586,,,,,,,,,,,,,,,,682,,,,,,,,,,,,,,,273,,,,,,,,,,674,,,,,,,,,,414,,295,,,12051,3792,,,,,246556,,,,,,,,,312,17515,,,,,,288,,,,,,,,,,,,2001,,
"Israel",2539,,45680,,,,,,39343,,,3266,5064,13529,,,,,23119,5993,,,,,,,,,8932,,,16633,,,,,,8132,,,,,3386,600,,,2762,,,,,,,,,,,,,1916,,,,,21100,,,,,80474,,,,308,41847,,,,,9317,23656,,,3085,,,,,,,,,,,,12495,,18965,,52322,67791,,,,5225,,,,13632,,,,2519,,3931,6232,,,17273,,3869,,,,,,,,,,,,,2601,,,,,,163113,,,,,,5110,,,,,,,,,,,,,,,2440,,59286,,,,,10911,,103678,114630,,,,,,,,,,,,,,,,,,,,,11721,,1890,,,,,,688,3853,9483,1885,,,,,,,,23543,27960,2301,,,,135112,,21869,,79082,,6378,22316,,373,,,,30869,,
"Jordan",66,,363,,,,,,,28,,264,123,,,449,12266,,,77,,,,,,,64,,111,,27,53,,,,,,344,,,28,,,9777,41,,27,,,,,,28,,,139,26,89,,53,,,,,138939,,,79,,81,,,,,417,,,,,,756,29,,65,,,,,,,,,,,,619,,6237,10995,100,35875,55,,1657,326,,109,,21,,,794,,,,1940,,,1028,,,,,,299,,,,,,73,,,,,,,,,631,,26,,,192,210,,67,,,28,,,46,672,3435,,,,,,4056,86,,,236,100,39,,286,629,,,,,,,,,,5314,,61,,,,,25,,,80,61,292,322,13175,2142755,2372,,,95,210,700266,,109,93,,,,,,274,1083,,,,,418,221,853,,2763,,,,,33,,,,2513,,
"Kuwait",2669,,,,,,,,,,,,,,,1297,350229,,,,,,,,,,,,,,,,,,,,,,,,1305,,,,,,,,,,,,,,,,,,,,,,,,387993,,,4725,,3595,,,,,4810,,,,,,,,,,,,,,,,,,,,,,,1061758,99485,,,,,,,,,50399,,,,,,,,11532,,,,,,,,,,,,,,,,,,,,,,,,2795,,,,,22678,980,,,,,4441,,,,,312434,,,,,,181462,,,,623,,,,,,,,,,,,,,,2077,,,,,,,,,,3168,,1726,,36556,14253,45525,,,,,21340,,3755,,,,,,,1784,12297,,,,,,24662,9394,,4763,,,,,,,,,65129,,
"Lebanon",,,,,,,,,,,,,,,,111,3046,,,,,,,,,,,,,,,,,,,,,,,,,,,2428,,,,,,,,,,,,,,,,,,,,,83312,,,,,,,,,,104,,,,,,188,,,,,,,,,,,,,,,154,,1548,2729,,120668,,,412,,,,482,,,,197,,,,,,,255,,,,,,,,,,,,,,,,,,,,,157,,,,,,,,,,,,,,,167,852,,,,,,1007,,,,,,,,,157,,,,,,,,,,1319,,,,,,,,,,,,72,,3271,515550,589,,,,,1255494,,,,,,,,,,268,,,,,104,,212,,686,,,,,,,,,624,,
"Oman",,,,,,,,,,,,,,,,891,346068,,,,,,,,,,,,,,,,,,,,,,,,,,,,,,,,,,,,,,,,,,,,,,,,78630,,,,,,,,,,949,,,,,,,,,,,,,,,,,,,,,,,777632,70114,,9552,,,,,,,17005,,,,664,,,,,,,,,,,,,,,,,,,,,,,,,,,,,,,,,,454,,,,,,,,,,284460,,,,,,85949,,,,384,,,,,,,,,,,,,,,1664,,,,,,,,,,,,,,38377,,15775,,,,,,,,,,,,,,,,,,,,,14759,9314,,,,,,,,,,,,,
"Qatar",1571,,,,,,,,,,,,,,,764,160183,,,,,,,,,,,,,,,,,,,,,,,,512,,,,,,,,,,,,,,,,,,,,,,,,163569,,,1854,,1667,,,,,1061,,,,,,,,,,,,,,,,,,,,,,,645577,43049,,,,,,,,,32217,,,,6494,,,,8274,,,,,,,,,,,,,,,,,,,,,,,,1437,,,,,151314,450,,,,,4071,,,,,133212,,,,,,148496,,,,,,,,,,,,,,,,,,,897,,,,,,,,,,1243,,2033,,54731,5595,18583,,,,,7148,,2291,,,,,,,978,5046,,,,,,9682,3841,,2280,,,,,,,,,34877,,
"Saudi Arabia",364304,,,,,,,,,,,,,,,,967223,,,,,,,,,,,,,,,,,,,,,,,,,,,,,,,,,,,,,,,,,,,,,,,,728608,,,,,124347,,,,,,,,,,,,,,,,,,,,,,,,,,,,1894380,1294035,,4601,,,,,,,182152,,,,,,,,116577,,,,,,,,,,,,,,,,,,,,,,,,,,202720,,,381102,,,,,,,,,,,1123260,,,,,,488167,,,,,,,,,,,,,,,,,,,,,,,,,,,,,,,,,400734,,364304,,,,,623247,,,,,,,,,,,,,,,,,,,,,,,,,,,,582886,,
"State of Palestine",,,,,,,,,,,,,,,,8555,,,,,,,,,,,,,,,,,,,,,,,,,,,,,,,,,,,,,,,,,,,,,,,,,18451,,,,,,,,,,,,,,,,,,,,,,,,,,,,,,,,,,,,,,,62895,,,,55709,,,,17111,,,,3311,,,,,,,,,,,,,,,,,,,,,,,,,,,,,,,,,,,,,,,9334,,,,,,,,,,,10111,,,,,,,,,,,,,,,21778,,,,,,,,,,,,,,,,,,,,,4672,,,,,,,,,600,,,,,,,10888,,,7826,,,,,,,,,1467,,
"Syrian Arab Republic",1791,,,,,,,,,,,,,,,,,,,,,,,,,,,,,,,,,,,,,,,,,,,,,,,,,,,,,,,,,,,,,,,,,,,,,,,,,,,,,,,,,,,,,,,,,,,,,,,,,,,,253609,,,,,,,,,,,,,,,,,,,,,,,,,,,,,,,,,,,,,,,,,,,,,,,,,,,,,,,,,,,,,,,,,,,,,,,,,,,,,,,,,,,,,,,,,,2538,,,,,238809,562,,,,,,,,,,,,,,,,,,,,,,,,,,,,,,,,,,,
"Turkey",13601,3325,648,,,,,,140,796,,2947,14394,16856,,,329,,300,8787,,,,,,,2376,,344,75,,482851,,,,,,1431,,,,,43,1764,56,,46,,,,53,,222,42,,10433,1137,28,73,3378,,,,,788,,,,112,150,,,,1677,16041,,,,,6536,274691,144,,59465,,,46,0,,,,,,,,521,42,521,179,16332,22392,539,,2729,2853,,2008,918,5015,173,,286,1969,,63,1135,,,3082,,260,44,,,264,,,42,,,,,,153,,,190,,,481,,37,,,,21913,,290,,,880,,,3567,24,1168,,,,,52,585,3428,224,,30,512,2341,,20822,19944,,,,,,,,,,4416,65,,,,197,,314,146,,2176,295,,1213,52,740,400,,76,5355,10411,1568494,277,146,144544,,,,,,517,,2040,,,,4195,43,18992,222,13634,,43,7997,,39,29,,,100,,
"United Arab Emirates",7590,,,,,,,,,,,,,,,0,906483,,,,,,,,,,,,,,,,,,,,,,,,4967,,,,,,,,,,,,,,,,,,,,,,,,935308,,,17916,,7836,,,,,23440,,,,,,,,,,,,,,,,,,,,,,,3499337,260312,,,,,,,,,167585,,,,62546,,,,52129,,,,,,,,,,,,,,,,,,,,,,,,7492,,,,,43809,2459,,,,,22572,,,,,863858,,,,,,555704,,,,3996,,,,,,,,,,,,,,,4721,,,,,,,,,,6000,,9817,,113788,54006,86981,,,,,35196,,13395,,,,,,,5416,25089,,,,,,,19164,,12953,,,,,,,,,173480,,
"Yemen",,,,,,,,,,,,,,,,,,,,,,,,,,,,,,,,,,,,,,,,,,,,,,,,,,,,,,,,,,,,,,,,,11096,,,1009,,5740,,,,,,,,,,,,,,,,,,,,,,,,,,,,,,7,9801,,,,,,,,,,,,,,,,,,,,,,,,,,,,,,,,,,,,,,,,,,,,,,,,,,,,,,,,,,,,,,,,,,,,,,,,,,,,,,,,,,,,0,,,,,,245683,,,,,3757,27082,,,,,2943,,,,,,,,,,,,,,,,,,,,,,,,,15,,,,,
"Belarus",282,,53,,,,,,102,5728,,28,59,13493,,,,,,36,,,,,,,,,94,,,61,,,,,,155,,,,,,,,,,,,,,,,44,,,96,60,,199,,,,,,,,,3243,25,,,,2111,,,,,,8507,66,,,108,,,,,,,,,,,,342,,48,,49,,24,,387,24,,,30,69957,,,,5234,,10486,65,,,,,17385,,,,,,,,,,,,,,,,168,,,,,,,,,,,,,,,,,61,,47,,,,,,,478,,,,29,7608,,23,682362,,,,,,,,,,,,35,,,,,27,,,,,,35,,,,,,340,29,83,5679,,,,,,,,,25,5464,,,,225734,23,461,,87,,28,14788,,,366,,,33,,
"Bulgaria",322,1134,369,,0,7,36,5,119,1496,5,198,519,1968,4,16,575,4,707,1061,2,31,2,25,19,,112,28,114,72,1,,13,18,7,13,16,474,3,,5,,24,977,,,33,,13,,7,7,92,270,,714,1081,0,16,149,3,0,28,16,161,6,,3,75,54,,,1,115,1320,,,11,12,336,3827,14,6,7761,2,,,,5,8,5,4,5,,2,366,14,187,37,282,868,234,,434,2379,5,142,193,1122,17,4,100,107,1,159,670,,5,206,2,138,49,2,,3,2,1,55,1,,3,1,,44,,9,70,28,,85,34,,5,2,7,773,,42,32,1,94,,,177,3,86,,7,3,2,25,49,1518,278,,19,0,2100,,5660,20549,2,,,,,,6,5,,36,11,2783,,2,12,,315,78,,15,174,,4276,9,6,38,0,3,230,291,1365,137,18,2508,,,0,1,,95,6551,283,3,2,6,6400,94,5329,13,2128,,16,754,16,33,627,1,0,50,11,29
"Czech Republic",427,314,699,,0,171,,0,180,2020,,528,2641,1099,,13,162,2,4094,610,0,41,4,2,71,,2648,101,425,,,8768,14,6,11,27,95,811,,0,7,,117,4788,0,,237,0,61,,51,83,1579,423,,103,,11,85,300,3,2,56,98,695,26,0,7,169,115,,,4,286,2708,,,3,14,1045,15209,177,,681,,1,,,35,75,23,6,9,,16,1152,29,1502,154,458,502,578,,477,3205,16,1528,172,6307,88,1,101,785,25,414,350,2,10,190,1,611,21,27,2,412,2,27,21,0,,6,28,,394,,6,4500,81,,300,10,128,27,0,129,2624,,175,16,5,607,,,154,,527,0,39,4,27,217,365,19224,263,,6,1388,6421,,5125,31669,7,,0,5,,1,3,1,2,192,59,1402,3,18,49,,87584,315,0,34,341,,880,130,91,64,8,0,459,512,856,229,624,1882,0,16,,0,8,752,1580,160,,0,31,97474,53,4795,22,5698,,30,1913,2,124,47475,,0,173,56,53
"Hungary",1333,226,681,,,81,,,396,190,,953,9044,159,6,15,71,2,208,1915,3,26,1,,53,,271,4,900,,,1397,,,,61,250,2346,,8,3,,140,11449,,,220,,82,,43,27,2061,565,,295,1610,,32,450,,,32,109,1183,14,,20,146,141,,,,752,4047,,,3,8,184,30123,131,,1242,,3,,,18,39,8,8,,,10,,129,1050,235,2119,858,1071,,1695,4464,30,1378,350,520,107,,219,143,40,172,369,4,49,423,4,172,171,31,,100,,23,60,,,3,65,,432,,5,987,45,,200,21,9,8,,64,3147,,186,25,6,1459,,,1174,16,317,,25,3,15,196,289,3199,447,,52,1160,228,,204603,3300,19,,0,,,4,,,,388,30,38724,,32,76,,21927,422,,553,349,,1683,62,69,163,,,1619,2520,1433,16,762,0,,10,,,12,238,2154,,,,36,34369,241,6980,56,7680,,63,126,,218,3318,,,276,16,36
"Poland",141,125,583,,,58,,,273,2105,,908,3790,265,,,100,,75926,5219,,,,,48,,3477,,261,,,1730,,,,25,37,2951,,,,,60,1177,,,123,,106,,36,,786,225,,207,4513,,,892,,,20,45,452,,,23,200,43,,,,250,26120,,,,,326,76313,36,,3099,,,,,,57,,25,,,,1343,492,857,113,231,425,7592,,346,9935,,510,137,4604,61,,192,124,,1551,383,,,240,,50444,231,,,40,,30,,,,,,,211,,23,322,60,,318,26,,,,56,2590,,106,,,381,,,1528,,213,,33,,,112,195,,137,,24,118,555,,2480,38146,,,,,,,,,,175,88,1034,,,,,1295,153,,,381,,4820,86,,113,,,1307,1015,588,59,98,264,,,,,,409,874,54,,,63,206518,124,34545,68,13671,,94,496,,72,2792,,,114,41,103
"Republic of Moldova",,,,,,,,,,,,,,984,,,,,3326,,,,,,,,,,,,,121,,,,,,,,,,,,,,,,,,,,,,,,,136,,,,,,,,,,,,,,,,,,,,,,,932,898,,,80,,,,,,,,,,,,182,,,,,,,,81,244,,,,5183,,,,,,,,,,,,,,,,,,,,,,,,,,,,92,,,,,,,,,,,,,,,,,,,,,,,,,,208,105,,,,,,1350,59259,,,,,,,,,,,,,,,,,,,,,,,,,,,,,,,,,,,,,,,,,184,,,,,64009,,,,,,,1057,,,,,,,,
"Romania",,130,146,,,,,,,27,,,195,,,,119,,,223,,,,,,,,,44,,,11154,,,,,58,,,,,,25,3522,,,,,,,,,,54,,58,69,,,73,,,35,,70,,,,,,,,,,4363,,,,,57,4124,108,,4270,,,,,,74,,,,,,5967,,67,,1233,1326,155,,1772,26380,,,58,35,,,,,,,176,,,,,33,,,,,,110,,,,,,,127,,,,,,107,,,,,,115,,,,,229,,,50,,427,,,,26,,,166,142,,,,81856,,,5145,,,,,,,,,,,36,1563,,,,,,,,,,,22914,,40,,,,81,49,2499,,,,,,,,,1078,5555,,,,,9641,,3124,,2470,,,,,35,60,,,,,
"Russian Federation",5095,234,778,43,,511,49,,252,527287,,543,2953,767339,,,471,,764279,471,,94,,,84,,515,28,433,,,5841,445,131,45,114,334,558,,91,152,,107,56171,60,,206,88,580,,32,110,321,2227,,716,11257,10624,,231,,,,241,1060,,104,,58751,272,,,,2210,2567,,,,,450221,142026,316,,1952,,,,,,204,131,,,,,16841,44,5701,163,2012,986,175,,3649,1896,,1025,816,2560269,451,,85,591349,122,89389,968,,,270,,71078,36,84,29,1556,45,73,54,,,,64,,204,,45,21144,263,,1101,111,626,121,,175,548,,86,60,30,796,,50,701,52,728,,25,,36,277,147,29207,232,,26,3721,294314,,3911,,45,,,,,,,46,,219,73,,,,50,,1832,350,,59,240,,1394,588,566,258,,,475,580,3265,466508,217,255,,,,,,335,10237,185664,,582,82,3269992,355,1741,217,4588,,121,1146803,,98,13671,,31,648,471,73
"Slovakia",153,93,102,,,25,,,83,144,,270,3154,36,,,,,215,807,,,,,,,393,,103,,,2190,,,,,,440,,,141,,28,1038,,,54,,22,,,,805,138,,107,89304,,,242,,,,35,181,,,,52,31,,,,151,2973,,,,,79,4671,20,,400,,,,,,,,,,,,17537,47,149,28,127,76,808,,181,2686,,135,56,242,25,,72,24,,135,105,,,55,,134,50,,,,,,22,,,,,,82,,,64,39,,52,,,,,,549,,35,,,106,,,683,,85,,,,,55,30,6739,159,,,527,112,,8152,2771,,,,,,,,,,35,,1874,,,,,,310,,,108,,820,,38,,,,256,621,228,,62,722,,,,,,144,308,,,,,10001,67,4890,,2137,,,46,,,2104,,,35,,
"Ukraine",2112,,,,,,,,,47307,,,,82299,,,,,245534,,,,,,,,,,,,,1732,,,,,,,,,,,,6560,,,,,,,,,,,,,,,,,,,,,,,,,10222,,,,,,,,,,,64399,1083,,,,,,,,,,,,,,,,,3816,,2136,,,,3752,,,,3714,222245,,,,26729,,19497,1764,,,,,24418,,,,,,,,,,,,,,,,,,,1737,,,,,,,,,,,,,,,,,,,,,,,3078,,,,,149745,,,3276758,,,,,,,,,,,,,,,,,,,,,,,,,1513,,,,,,3720,29367,,,,,,,,,1355,22602,,,,,,,,2738,,,219814,,,12390,,,,,
"Channel Islands",,,,,,,,,,,,,,,,,,,,,,,,,,,,,,,,,,,,,,,,,,,,,,,,,,,,,,,,,,,,,,,,,,,,,,,,,,,1980,,,,,,,,,,,,,,,,,,,,,,,,,,,3958,,,,,,,,,,,,,,,,,,,,,,,,,,,,,,,,,,,,,,,,,,,,,,,,,,,,,,,,,,,,,,13856,,,,,,,,,,,,,,,,,,,,,,,,,,,,,,,,,,,,,,,,,,,,,,,,,,,,,,,59380,,,,,,,,,,,,,
"Denmark",12260,321,955,,1,159,,3,1224,685,6,3018,1912,309,18,92,1086,34,711,2052,7,48,0,614,463,,18735,67,3334,,7,5611,101,554,28,238,712,3803,,10,16,,1612,11662,527,0,3270,13,756,0,174,447,818,484,,184,1155,387,991,,21,15,164,596,1706,85,,328,1501,2136,12324,,22,3822,7116,0,0,6,650,221,36937,1896,,2155,16437,10,0,,241,115,61,102,158,,130,3970,8429,9607,1154,14114,22594,1642,,1709,6370,174,1922,1216,211,1603,1,1410,49,63,4442,13061,49,174,246,21,8911,503,60,89,857,9,52,101,0,0,27,146,,1157,,17,61,158,,5632,209,1796,64,,2049,7146,,835,192,16,1408,,,20324,28,13044,,83,9,72,1106,10882,32426,1560,0,90,9176,426,0,13999,5764,394,,,9,,6,19,2,0,266,156,1752,19,353,777,,1348,338,2,10681,1875,,5893,8258,0,713,30,49,22609,2689,4322,27,12384,2990,,148,,17,167,926,34379,16,,,1483,6870,372,18556,1066,12367,,240,280,3,706,10418,,,167,608,426
"Estonia",12,7,13,,,3,,1,13,641,,59,65,1486,,1,11,1,11883,109,1,,,,1,,2,0,58,,,72,,,,4,2,106,,1,,,7,187,1,,12,,4,,2,1,12,18,,12,62,6,2,125,,,1,7,38,2,,,,4,1,,,2227,197,,,,,1485,1271,6,1,23,,,,,7,,,2,,1,1,92,20,103,6,26,9,136,0,46,274,2,51,4,3803,2,1,6,551,,3955,9,,,4,1,1861,13,1,,2,,,,,,2,2,,26,,1,49,,,14,2,,1,,19,120,,10,1,,13,,,139,,30,,,1,,14,16,556,40,,1,18,821,1,59,143677,1,,1,,,,,,,1,2,12,,,3,,14,7,,2,21,,152,8,1,4,1,,419,39,6,374,14,4,,,,1,2,7,81,332,,,2,21683,7,487,4,579,,4,1090,,7,10,,,1,1,6
"Faeroe Islands",,,,,,,,,,,,,,,,,,,,,,,,,,,,,13,,,14,,,,,,13,,,,,,32,,,29,,,,,,20,,,,,,,3557,,,,,,,,,,37,,,,,,,,,,,22,18,,,152,,,,,,,,,,,,242,64,10,,,,,,,,,,,15,,,,,,,,,,,13,,,,,,,,,,,,,,,,,,,,,,,,,,,,,,,,,178,,,,,,,15,130,68,,,,53,,,61,30,,,,,,,,,,,,52,,,,,,,,,20,,,,,,,,76,,,,114,,,,,,,13,,,,,,,,100,,41,,,,,,,,,,,
"Finland",4810,382,1009,,1,553,,1,462,117,3,1358,731,148,10,23,2339,13,384,722,3,22,4,4,183,,832,18,1540,,1,2271,14,61,13,331,906,1989,0,3,10,,552,11550,,,1258,4,155,,77,160,257,552,,208,245,3,1775,1208,8,6,200,243,1297,75,16,168,51279,2366,,,12,,2917,,1,13,765,79,8246,1609,,1353,,1,,,97,101,8,25,13,1,73,2667,190,6396,558,6925,12044,721,,957,2840,92,1622,329,303,1556,0,152,57,47,1939,673,0,136,232,0,1210,118,17,32,522,3,10,45,,,21,55,,908,,10,62,5,,2480,81,1499,110,,2691,1808,,257,127,29,2497,,,2109,13,2505,,27,12,27,612,3545,4931,618,,19,677,177,,2976,14360,522,0,0,5,0,3,4,1,0,383,204,168,9,158,234,,214,53,6,12490,1005,,3052,1158,57,1097,1,17,41265,1309,1039,56,11296,8763,,87,,3,45,810,7860,27,,3,226,1822,156,6898,645,5819,,122,145,1,235,7183,,,73,221,109
"Iceland",10,41,35,,4,38,,,36,6,1,115,122,13,8,1,9,1,42,106,0,1,3,,15,,153,,132,,0,182,1,,35,1,6,285,,,,,71,564,,,191,,,,7,1,164,48,,4,180,,2,3333,5,1,32,32,28,15,7,11,134,76,339,,1,178,478,,,,10,22,1623,61,,37,86,,,,40,20,,20,16,,37,190,,303,126,62,60,104,,39,238,20,99,14,20,110,,3,1,,720,30,,3,4,,1489,144,1,3,35,,1,3,,,,5,,87,,1,22,,,166,26,1,39,0,101,274,,48,11,0,71,,,1030,,36,,5,4,5,74,1581,10440,534,0,2,0,18,,320,381,4,,,,,,,,,8,21,325,,14,20,,200,33,1,1,81,,443,167,,,0,,1939,142,35,2,1198,41,,6,,1,3,26,70,1,,,39,272,4,1271,31,2068,,8,10,,39,598,,,0,9,11
"Ireland",148,297,588,,2,480,1,2,327,53,7,6601,784,50,27,82,3232,18,611,1638,2,34,57,7,17,,640,80,10292,1,16,1974,9,48,4,11,346,5323,25,8,10,,142,12683,1887,,,0,2519,,11,133,506,83,,288,6081,131,52,980,1,1,10,39,532,27,0,38,2744,154,3,4,14,966,11147,,1,4,57,255,14368,504,39,636,1,14,,,125,50,1,29,4,,12,8206,38,19764,128,445,453,,,220,7910,120,529,111,259,482,0,201,32,34,22126,133,39,107,439,2,38572,156,12,76,4186,2,29,372,0,,8,3231,,305,0,7,318,0,1,274,39,64,38,,136,4980,7,2271,16,129,21894,,,305,49,9219,,16,13,27,127,15312,127507,2486,,35,193,3787,,19919,6570,80,7,2,7,0,2,13,0,,429,22,0,11,196,216,,11838,210,2,531,8983,,7751,238,67,588,12,21,1868,553,114,21,535,655,3,114,,1,111,100,489,4,1,,149,4564,201,254761,125,30690,,55,92,1,128,635,,1,31,340,3098
"Isle of Man",,,,,,,,,,,,371,,,,,,,,,,,,,,,,,,,,,,,,,,206,,,,263,,,,,,,,,,,,,,,,,,,,,,,,,,,,,,,,,,,,,,,,,,,,,,,,,,,,,,,,,,,,2202,,,,,,,,,,,,,,,,,,,,,,,,,,,,,,,,,,,,,,,,,,,,,,95,,,,,,,,,,,,,,,,,,,,,,,,,,,,,,,,,,,,,,,,,,,,601,,,,,,,,,,,,,,,,,,,,,,,,,,,39052,,276,,,,,,,,,,,
"Latvia",20,5,14,,0,1,0,0,18,773,0,139,119,2040,,0,6,0,45962,97,,0,,,,,5,,31,,,451,,0,0,0,1,124,,0,,,4,192,,,8,,0,,0,1,5,47,,18,208,11,,241,,,0,0,35,,,0,2886,,,,,232,277,,,,0,1353,2597,,,28,0,,,,0,,,,,,,204,33,85,2,31,9,638,,98,265,0,12,5,5919,2,,2,827,,,40,,,5,0,16964,10,0,0,3,,0,8,,,,0,,37,,,107,,,9,0,,,,11,112,,11,0,,10,,,161,,29,0,0,,0,6,4,1034,43,,0,31,1710,,260,137224,0,,,,,,,,,1,,5,,0,4,,46,9,,4,10,1,164,33,0,0,,,376,76,16,561,10,,,0,,,1,1,88,598,,,1,33493,7,1148,0,597,,1,1925,,29,8,,,0,,3
"Lithuania",21,,,,,,,,57,574,,38,51,873,,,,,35005,174,,,,,,,,,60,,,71,,,,,,31,,,,,,51,,,,,,,,,,,,28,80,,,300,,,,,48,,,,811,,,,,86,284,,,,,612,1512,,,49,,,,,,,,,,,,98,46,,,70,,1240,,33,286,,24,,4541,,,,385,,5644,44,,,,,,,,,,,,,,,,,,,,,64,,,,,,,,,111,,,,,24,,,967,,54,,,,,,,2228,50,,,,601,,181,59466,,,,,,,,,,,,,,,,,29,,,,,,557,,,,,,260,43,,332,,,,,,,,,64,245,,,,12248,23,3301,,609,,22,959,,,34,,,,,
"Norway",13238,972,1215,,,486,,,1086,305,,2176,1588,511,20,31,1000,22,996,1672,,28,,368,531,,13343,119,5176,,33,5739,32,1030,392,404,686,3032,,,23,,6631,11203,1018,86,5693,,2168,,278,327,3409,966,,192,2148,40,246,25260,54,,796,758,1079,203,,14821,5096,7742,884,,41,6825,6286,,,,1159,315,28212,1897,,2270,291,,,,446,266,55,87,41,,116,3940,8274,11970,1532,16185,22160,1107,,820,3971,158,1395,414,896,1950,,396,190,100,9647,1862,,935,531,23,35941,135,474,117,819,,50,95,,,58,187,,1226,,,141,405,,5544,189,3136,84,,1558,8654,,633,190,50,1749,,,,55,19393,,60,,151,1485,20593,91213,2925,29,61,7483,770,,12087,17200,620,,,,,,,,,602,250,4099,,517,754,,3840,377,,27042,1453,178,6145,9275,3342,3125,39,,49216,2198,5473,103,18049,2477,,113,,,349,1007,11192,75,,,1124,4236,407,19339,922,17461,,235,477,,1067,13798,,41,349,538,289
"Sweden",29085,2161,3004,,,758,,,3184,2520,,3944,5936,2882,29,88,7310,112,2785,2422,,89,,26,4485,,58583,108,7090,,,8513,84,2934,380,595,1410,3611,,109,66,,28853,30743,601,,11973,,816,,424,949,7615,2712,,719,1738,84,3161,43331,304,42,723,2406,5934,2948,43,22320,10499,16509,,,62,162067,9208,,,24,4834,1275,50473,2614,,15518,,41,,,828,517,138,126,147,,377,16558,5454,22424,2425,69981,133118,2527,,2631,10242,350,3266,3755,1892,3616,,2117,961,511,6674,26279,56,963,2211,,10726,314,114,74,1561,21,137,168,,,64,189,,2486,,42,2409,853,,9233,333,1541,127,,901,10413,,1135,791,43,4455,,,43256,52,11436,,303,32,203,7565,12248,83542,3535,,139,10979,753,,25223,19457,551,,,35,,,24,,,3059,767,9295,69,825,752,,1519,1214,,59213,2440,,9709,7115,5269,3379,38,29,,3492,69199,308,38990,6216,,359,,34,299,4943,47188,238,,,4067,6982,1430,24950,1722,20011,,2221,3555,,1136,17004,,,1363,526,553
"United Kingdom of Great Britain and Northern Ireland",68256,14688,26826,,63,15712,583,3995,11339,1790,678,135786,21698,3126,2071,6261,230143,20271,4734,29142,1452,678,4602,463,4046,,8469,3513,56055,292,5731,51875,237,4820,1279,1304,11009,86415,914,171,371,19942,7673,182628,119990,,27691,154,9561,,777,8535,9029,2665,,84815,41605,18697,20971,24972,486,6851,1485,9422,33686,948,312,19031,9361,16654,427,968,6754,14325,149872,,86,393,12194,3388,322220,102837,11955,39700,59,10009,,,1049,2529,2572,23458,340,,683,56166,2225,776603,10344,91087,80939,503288,10589,19608,151790,172829,40127,6321,5432,151073,182,14054,1132,716,66046,17128,851,3844,17684,31,116861,2092,1121,17871,75182,402,411,31758,,,233,45123,,10502,,430,1821,1124,7828,23519,6368,13064,2649,30,54695,68489,121,67276,406,217,216268,,,18236,3432,540495,,769,1199,816,7787,139570,703050,98967,,2706,6767,3417,14,89402,42491,4781,2917,6067,9836,,8008,233,,1028,36148,2135,9008,3878,25281,45351,,67781,2298,364,110775,218732,,91179,138752,,19758,476,1596,35055,21458,9950,455,47389,3170,2008,1743,,298,25364,6606,100956,784,110,,65447,23414,12314,,38691,212150,134,1472,2864,168,9834,32429,,,19405,30897,132942
"Albania",,,,,,,,,,,,,,,,,,,,,,,,,,,,,,,,,,,,,,1004,,,,,,,,,,,,,,,,,,,,,,,,,,,,,,,,,,,,,,,,,,,,,,34989,,,,,,,,,,,,,,,,,,,,,9851,,,,,,,,,,,,,,,,,,,,,,,,,,,,,,,,,,,,,,,,,,,,,,,,,,,,,,,,,,,,,,,,,,,,,,,,,,,,,,,,,,,,,,,,,,,,,,,,,,,,591,,,,,,,2172,,,,,,,,,2628,,,,,,,,,,,
"Andorra",,,,,,,,,640,,,61,,,,,,,,202,,,,,,,,,,,,,,,,,,,,,,,201,,,,,,,,,,,,,,,,,105,,,,,,,,,,,,,,,3764,,,,,,318,,,,,,,,,,,,,,,,,,,,,,,,430,,,,,,,,,,,,,,,,,,,,,,,,,,,,,,,,,,,441,,,,,,229,,,,,,,,,,,,,,,,399,,11012,,,,,,,,,,,,,,,,,,,,,,,,,,,,,,20446,,,,,,46,75,,,,,,,,,,,,,,,,,,988,,99,,96,,,,,,,,,
"Bosnia and Herzegovina",,,,,,,,,,,,,189,,,,,,,,,,,,,,,,,,,,,,,,,,,,,,,,,,,,,,,,11528,,,,,,,,,,,,,,,,,,,,,,157,,,,,,501,,,,,,,,,,,,,,,144,,,,,,,,,105,,,,,,,,,,,,,,,,,,,,,,,,,,,,,,,,,3968,,,,,,,,,,,,,,,,,,,,,,,,,,,,,,,,367,161,,,,,,,,,,,,9223,,,,,3058,1770,,,,,,,,,,,,,,,,2779,,,,,,,,,,,,,,,,,,,,,,,,,,,
"Croatia",,173,56,,,,,,200,,,1595,5148,,,,,,94,375,,,,,32,,404874,,193,,,305,,,,,,1004,,,,,126,446,,,45,,,,,,,,,,949,,,102,,,,,247,,,,20,,,,,39,1760,,,,,,33774,,,147,,,,,,,,,,,,1044,,67,27,48,82,53,,55,3140,,56,68,67,,,,,,27,65,,,150,,26,31,,,,,,,,,,,,39,,,,6181,,29,,,,,,809,,116,,,29,,,113,,,,,,,86,75,737,50,,,27,114,,499,1311,,,,,,,,,,,,52185,,,,,644,19587,,,203,,188,,43,66,,,628,3009,180,,,10055,,,,,,,86,,,,,758,,670,,1616,,,,,55,,,,,46,
"Gibraltar",,,,,,,,,,,,,,,,,,,,,,,,,,,,,,,,,,,,,,,,,,,,,,,,,,,,,,,,,,,,,,,,,,,,,,,,,,,,,,,,,,,,,,,,,,,,,,,,,,,,,,,,,,,,,,,,,,,,,,,,,,,,,,,,,,,,,,,,,,,,996,,,,,,,,,,,,,,,,,,,,,,,,,,,,,,,,,,,,,,,,,,,,,,,,,,,,,,2072,,,,,,,,,,,,,,,,,,,,,,,,,5673,,,,,,,,,,,,,
"Greece",6331,437356,1102,0,4,9,11,29,641,14287,1,20224,2253,507,23,23,9812,11,1457,5124,5,8,8,2,23,,440,8,2216,1,,72893,79,133,14,22,462,12611,0,393,19,2,367,3396,0,,399,73,1414,0,38,115,429,352,,21607,4430,34,209,901,39,19,566,84,28267,50,1,280,129,2420,1,,1,771,6695,0,10,8,50,83388,114343,597,5,,3,2,0,0,30,182,0,11,38,0,50,1728,54,10152,443,1905,3651,590,5,712,6303,12,509,813,26982,454,,140,548,41,352,2052,0,31,641,10,545,139,130,,63,3,29,90,0,,118,38,,396,,45,8,,78,2076,65,20,8,,50,3746,,491,160,24,2857,,0,517,5,31295,188,157,4,79,291,8470,15664,325,0,1103,211,10049,0,46193,54192,97,4,2,,1,7,449,1,7,426,640,4382,24,175,82,,863,130,0,742,6910,,1181,889,1001,1855,9,22,5419,3698,7044,97,378,2169,217,14,0,,18,636,33489,116,,11,140,19457,86,17679,395,22839,0,113,8208,71,1026,210,1,0,27,239,420
"Holy See",,,,,,,,,,,,,,,,,,,,,,,,,,,,,,,,,,,,,,,,,,,,,,,,,,,,,,,,,,,,,,,,,,,,,,,,,,,,,,,,,,,,,,,,,,,,,,,,,,,,,,,,,,,,,,,,,,,,,,,,,,,,,,,,,,,,,,,,,,,,,,,,,,,,,,,,,,,,,,,,,,,,,,,,,,,,,,,,,,,,,,,,,,,,,,,,,,,,,,,,,,,,,,,,,,,,,,,,,,,,,,,,,,,,,,,,
"Italy",6568,447586,22471,,130,1869,,23,73183,1256,,19850,16331,709,93,50,97036,50,32383,46393,24,2566,,35,15698,,11106,44,104207,,32,57691,11657,1007,6160,1322,11457,25540,,238,563,,12427,200434,,,39532,37,3385,,1508,25555,24709,33469,,650,10403,125,6087,3238,89,337,42269,88329,108490,12464,121,13593,1382,30401,,,44,2827,134403,,,384,1515,12226,220013,46548,,17405,,16,,,2135,3899,782,74,703,178,2323,12889,207,136403,3159,14433,3889,3629,,3883,,346,8285,2991,3851,3641,5,543,1326,260,3200,7086,31,2006,36222,132,5646,4799,2382,171,613,34,4177,1928,5,,677,9499,,8827,13,1617,275,2285,,425238,857,441,93,2,1775,13034,,901,1175,1060,56259,,,1981,52,84792,7,1021,32,2636,116038,143457,118641,6415,,80,3931,166819,,1021613,80750,778,,4,22,,20,68,1913,74,962,84815,45581,978,1377,567,,10996,4699,4,11556,5657,,31829,85093,391,2914,50,36,6411,198170,6058,186,9866,73033,79,5152,,21,167,107671,20491,206,,6,967,222241,370,64986,1604,54226,,7500,2509,23,48970,5258,,,263,874,881
"Malta",,90,61,,,,,,12,32,,5053,129,,,,17,,33,194,,,,,,,191,,112,,,1055,,,,,,2053,,,,,,417,,,,,,,,,85,,,52,95,,,153,,,,,546,,,610,,400,,,,92,502,,,,,47,1147,79,,90,,,,,,,,,,,,168,,307,26,35,96,318,,13,1823,,53,46,,38,,67,,,90,75,,,935,,52,,,,46,,,,,,,,,,,,,,,260,,,,,,496,,50,,43,397,,,77,,213,,,,,32,559,290,67,,,,40,,791,1107,,,,,,,,,,31,,643,,,36,,119,25,,1210,203,,176,20,62,273,,,543,121,307,,125,35,,,,,15,376,268,,,,,336,30,12046,,1403,,,23,,,,,,,,42
"Montenegro",,2754,,,,,,,,,,137,257,,,,,,,,,,,,,,34259,,,,,78,,,,,,69,,,,,,,,,,,,,,,16344,,,,120,,,97,,,,,,,,,,,,,,,446,,,,,,1876,,,56,,,,,,,,,,,,47,,,,,,,,,209,,,,,,,,,,,,,,,,,100,,,,,,,,,,,,,,,,,,,,,,,,155,,,,,,,,,,,,,,,,,98,,,,,,,106,925,,,,,,,,,,,,17433,,,,,56,1617,,,,,,,,,,,151,212,,,,3317,,,,,,,88,,,,,141,,103,,317,,,,,,,,,,,
"Portugal",,49,223,,361,151273,,,1278,97,,1164,488,63,,,1424,,916,3312,,32,,,207,,41,,129968,,,5014,,,57636,,71,7044,,,,,188,10128,128,1932,624,,459,,,126,79,1570,,29,240,71,1759,383,,,64,433,407,83,214,,124,30,,,,324,87899,,,548,111,1036,26048,186,,181,,,,,30,4357,27517,,,,,386,28,7561,240,197,41,1512,,329,2640,26,300,28,845,98,,,,,200,71,,28,28,196,353,3801,26,443,48,,110,42,,,39,,,256,,,,75,,1906,67991,,,,514,3834,,43,,,257,,,321,,1874,,34,,52,276,459,943,,,,125,19098,,22038,5494,,,,,,,,,17345,,2012,50,,52,28,,90,54,,,10677,,15339,26,,,,560,778,15668,26,,264,264,1663,72,,,,133,287,,,,27,45051,,17798,66,6736,,218,851,,23404,52,,,,,1109
"San Marino",,31,,,,,,,69,,,,,,,,,,,,,,,,,,,,25,,,,,,,,,,,,,,,,,,,,,,,,,,,,,,,,,,,,,,,,,,,,,,20,,,,,,,,,,,,,,,,,,,,,,,,,,,,,,4143,,,,,,,,,,,,,,,,,,,,,,,,,,,,,,,,,,,,,,,,,,,,,,,,,,,,,,,,,,26,,,,,,,120,46,,,,,,,,,,,,,,,,,,,,,,,,,,,,,,,,,,,,,,,,,,,,,,60,,,,,,,,,,,,,,,
"Serbia",,467,53,,,,,,49,158,,675,6998,,,,,,134,217,,,,,,,335992,,85,,,1134,,,,,,612,,,,,,1763,,,,,,,,,283247,29,,173,514,,,183,,,,,77,,,,,,,,,34,5388,,,,,48,16083,29,,914,,,,,,,,,,,,1800,,295,32,65,176,52,,109,1923,,39,99,97,,,67,,,,45,,,374,,28,90,,,,,,53,,,,,,26,,,,71224,,33,,,,,,752,,24,,,,,,138,,,,,,,49,43,664,39,,,26,230,,3607,2944,,,,,,,,,,,,,,,,,476,10930,,,141,,158,,76,,,,1191,2856,123,,,46737,,,,,,40,388,29,,,,1274,24,647,,1286,,,80,,37,,,,,57,28
"Slovenia",25,152,30,,,,,,437,,,401,3052,,,,,,149,314,,,,,,,105313,,121,,,1210,,,,,20,418,,36,,,28,908,,,38,,,,,,49719,70,,,388,,,54,,,169,,107,,,,25,,,,,35,1267,,,,,,8124,35,,98,,,,,,,,,,,,417,,143,45,77,62,43,,34,3665,,90,63,81,26,,,,,35,25,,,38,,34,42,,,,,,,,,,,,68,,,,2974,,23,,,,,,336,,24,,,48,,,,,23,,,,,47,112,424,54,,,26,342,,524,1785,,,,,,,,,,,,28334,,,,,605,,,,43,,477,,,22,,,353,1054,52,,225,16510,,,,,,50,108,,,,,1764,,578,,741,,,28,,50,,,,,,
"Spain",458,1938,55306,,5900,3553,,,250778,9516,,5990,8844,616,58,56,10033,43,3886,43052,34,398,,,154675,,2119,,99725,,22,130116,1147,107,4445,95,5178,6414,,162,122,,54640,152904,,,346936,,2105,,3339,2958,1684,125263,,366,8548,115,1468,11269,21,966,151369,421758,4128,9192,18841,137,1875,3713,,,30,11803,201769,,,278,16954,8760,200870,12033,,3982,,622,,,7411,9698,5369,111,723,,37194,9297,1122,33483,1937,5888,1829,14651,,2858,100304,282,6128,2261,1797,1555,,483,333,188,3987,3341,,819,966,115,16837,1425,462,65,602,,17771,312,,,8606,241,,46867,73,235,419,167,,699800,1197,87,126,,3136,46181,,1026,18713,280,30995,,,15960,51,56116,,4246,27,60506,183529,41334,64960,114661,,91,4189,16350,,658132,73266,283,,,45,,,,37,189,845,49383,3900,40,1025,503,,7297,1312,,272,2829,,,628,,389,209,,19056,61401,5910,84,2084,627,,508,,,206,2734,3969,60,,34,211,77420,326,308821,360,39825,,73772,642,,151594,1634,,,139,148,335
"The former Yugoslav Republic of Macedonia",,67799,,,,,,,,,,,,,,,,,,,,,,,,,8713,,,,,1072,,,,,,,,,,,,,,,,,,,,,1433,,,,53,,,,,,,,1964,,,,,,,,,,,,,,,,42,,,233,,,,,,,,,,,,81,,,,,,,,,37,,,,,,,,,,,,,,,,,,,,,,,,,,,,,,,,,9229,,,,,,,,,,,,,,,,,,,,,,,,,100,,,,,,,23,215,,,,,,,,,,,,17930,,,,,36,256,,,,,,,,,,,,,,,,,,,,,,,19922,,,,,64,,,,,,,,,,,,,,,
"Austria",8620,3147,1290,,2,341,,7,1523,3051,,2490,,1076,22,21,2737,21,1667,2575,41,80,19,24,509,,155164,25,5186,,6,15733,121,97,41,958,654,2547,,29,12,,1258,17713,281,17,1570,,457,,179,213,40006,879,,325,54997,2812,700,1418,7,51,3125,662,14891,68,10,104,372,1276,,,18,1598,8964,,,24,628,3316,223705,2474,,4003,,15,,1,372,303,68,19,63,,98,44468,188,13576,1214,15495,5524,985,,2562,29738,208,2970,749,1103,982,,253,648,124,806,1841,4,274,459,378,909,763,75,38,483,9,99,108,,,33,114,,1512,1,24,1804,21842,,1926,67,71,183,1,588,8476,,443,208,31,8485,,,966,31,4814,1,62,60,229,1688,13856,65989,1723,6,25,,1779,,70267,30972,211,,2,14,,10,4,1,2,477,335,195177,44,267,286,,27170,17908,14,1215,2792,,4122,981,277,635,20,23,3551,15802,3320,284,5604,21921,,219,,7,70,3690,184847,140,,12,274,8232,176,11013,157,11054,,282,754,7,915,3344,,,95,113,298
"Belgium",10638,7517,12054,,,4047,,,550,10433,,881,3020,1206,2,3,2350,3,1675,,,1016,,155,459,,3059,21,8319,,,26415,928,2443,194,273,12295,3143,,136,287,,1180,12245,,,1973,,843,,143,3102,1216,708,,410,3677,233,26488,3186,783,33,860,4006,1972,225,38,364,1025,1143,,,12,3259,170858,,,312,403,3772,44268,4573,,17276,,,,,186,12274,100,17,302,,117,6110,235,10340,1501,6214,9420,4458,,1537,175322,126,4974,487,2784,824,,18,1547,105,1848,2609,12,605,236,11,2432,4858,552,38,470,0,598,480,,,1649,817,,1242,,6,984,512,,93012,56,145,20,0,3348,160363,,248,106,1619,4116,,,1356,12,7411,0,66,1,197,1287,4205,68538,43224,,,917,1673,,57125,21168,5053,,,,,,,17,11,82,2930,7725,14,1079,258,,6471,1051,,2260,881,,60598,1368,585,695,869,,4746,2326,4406,117,3784,7682,,3548,,,,5730,43686,27,,,362,4981,,27335,478,12853,,115,1521,,570,1498,,,140,123,149
"France",4761,6695,1430656,1,982,21287,10,61,12946,19083,11,8349,12559,4112,45,161,4995,77,3400,153220,9,20414,115,87,3147,93,13939,41,57405,,49,17626,8741,1866,22292,63343,81278,25738,,16719,7418,,14402,110045,516,17,27231,36634,69474,3,753,89937,10097,4780,,1030,9107,61,76723,6480,6571,6443,3491,4136,30937,1114,390,638,909,8675,3,,157,3829,,,,19780,1907,7584,233627,6696,70,12890,13,,,,2994,30209,3066,4721,74337,,586,10553,384,48061,4946,22788,6120,9828,13,9197,367593,518,21377,1443,2583,1748,9,734,721,42623,2791,47162,49,785,2351,28,2617,12888,120400,107,2538,6,75555,490,,,17768,44337,,12580,3,24947,1427,1403,6,926466,1290,472,173,,1325,43838,,1958,647,5503,5767,,,4070,109,23779,,511,27,1033,11682,15224,111648,713158,52,148,20702,6560,,89793,63993,6194,1,3,4750,,29,18,220,224,2489,117870,84701,597,1301,2283,,4453,2593,3,1883,5180,,304422,47864,993,3208,24383,21,10061,95267,16758,244,18151,4488,12,23763,,96,411,388598,297429,211,8,1,581,15880,784,185344,644,53906,1,2436,1103,740,6337,125731,,17,487,346,701
"Germany",99638,18043,23272,,,,,,18537,12609,,13892,257583,19180,,,7576,,25532,34947,,2142,,,5362,,199837,,63893,,,105331,1545,700,,2695,19897,19695,,,317,,15942,102365,,,22116,,4204,,1891,4036,209477,14528,,1852,543527,2991,8727,25973,,,11091,8486,23350,1331,,14636,11724,20809,,,,16290,145806,,,522,4419,22884,,30143,,215059,,,,,2093,4231,,,1582,,1441,172755,1802,68291,19639,137531,115041,11373,,14900,414476,2282,33081,12663,1016844,15034,,,83673,3595,30712,79534,,1970,4471,307,49836,20941,1593,,6140,,1450,752,,,,,,18268,,,,25,,114552,,2276,,,3924,139292,,3242,1520,944,26623,,,8838,,50174,,734,,5089,18568,56250,1930136,98464,,,29161,23196,,590189,1080503,1234,,,,,,,,,3746,4168,106673,,3256,2853,,42856,39738,,7359,18368,,100560,46716,,,,,19990,84294,53099,28985,76002,0,,14251,,,917,41332,1655996,6624,,,2592,261147,,103352,0,137575,,3411,42271,,9100,112958,,,2893,924,
"Liechtenstein",,,,,,,,,26,,,,3868,,,,,,,41,,,,,,,312,,170,,,12,,,,,,,,,,,,77,,,36,,,,,,126,,,,58,,,16,,,69,,,,,,2,,,,,6,126,,,,,,1810,,,47,,,,,,,,,,,,67,2,26,,,,17,,,880,,,,,,,,,35,,,,,,,,4,,,,,,,,,,,,25,,,,3,,,,,,,,76,,,,,,,,6,,,,,,,,39,58,425,,,,,,31,51,,,,,,,,,,,,148,,,,,35,114,,,30,,273,,,,,,26,12862,,,84,87,,,,,,22,623,,,,,37,,70,,131,,,,,,,,,,,
"Luxembourg",,301,100,,,,,,39,,,77,970,,,,32,,42,19836,,,,,,,2426,,299,,,880,,,1619,,61,238,,,,,59,1056,,,25,,,,,,415,22,,64,909,,97,2541,,117,36,,25,,,,528,,,,,1306,36242,,,,,,14216,,,1827,,,,,,,,,,,,1088,330,195,,233,,1630,,41,20657,,282,,,,,,,,490,36,,,,,600,,,,25,,,272,,,,53,,27,,,,8559,,246,,,,,32,4471,,22,,,,,,175,,,,,,,99,191,3155,94851,,,48,,,1742,392,25,,,,,,,,,,32,5932,,,,,710,484,,,45,,4005,,,,,,2064,533,,,174,346,,,,,,136,201,,,,,175,,6559,,1098,,,,,25,73,,,,,
"Monaco",,,,,,,,,,,,,,,,,,,,,,,,,,,,,,,,,,,,,,,,,,,,,,,,,,,,,,,,,,,,,,,,,,,,,,,,,,,6371,,,,,,,,,,,,,,,,,,,,,,,,,,,,,,4424,,,,,,,,,,,,,,,,,,,,,,,,,,,,,,,,,,,,,,,,,,,,,,,,,,,,,,,,,,,,,,,,,,,,,,,,,,,,,,,,,,,,,,,,,,,,,,,,,,,,,,,,,,,,,,,,,,,,,,,,,,,,,,,
"Netherlands",33852,1192,3975,,,5321,23,32,3170,850,3994,10366,6671,728,56,121,1335,82,284,54038,,288,35,327,881,4380,813,235,16089,,615,18714,375,2334,11997,738,1923,9776,,56,85,,3328,62708,,,14375,,996,,738,1268,267,1313,61301,563,681,97,5122,3514,96,75,8688,2182,12893,377,47,2150,937,9451,,,69,2896,24712,,,96,672,296,123273,14212,33,13959,,47,,,756,2619,247,2356,1411,,466,12801,407,22713,132159,29405,41384,5161,,5086,24402,930,5835,923,228,2971,,1143,71,210,3202,3475,134,1937,908,,4433,1139,174,293,3630,,179,348,,,320,361,,3801,,78,482,,,172291,655,1104,268,,1639,,,3814,478,270,7079,,,2738,596,12127,,318,132,201,3907,12381,98435,16750,,101,7092,173,,14757,56841,1157,,77,56,,67,26,,157,1850,1012,26711,84,4263,3547,21893,505,152,,27115,13470,,24734,10461,,4422,186783,83,4447,6889,9714,53,13990,161,,1180,,,534,4568,199551,,,,1508,1208,742,49549,1454,27285,,658,443,,3878,12800,,,484,994,1423
"Switzerland",4613,2008,9600,,54,6716,,113,8863,741,,7872,65090,578,130,307,2114,85,1195,16243,63,566,,72,3417,,57542,74,47482,,56,5955,645,582,2129,2599,7256,12369,,204,305,,7751,18405,,,11949,30,1231,,935,3019,21766,3258,,378,14233,500,6870,6006,101,365,10754,5053,6437,742,43,8893,589,5211,,,70,5567,152058,,,279,723,691,362506,2774,,9252,,47,,,1020,1231,343,136,1848,,560,17521,413,19081,3654,9360,7539,3648,,3834,264786,801,7596,687,2402,3412,,470,500,1043,1676,6181,85,441,1099,2491,1262,2414,1770,109,2385,65,448,297,,,130,2916,,6605,,266,693,2796,,17494,1266,253,331,,953,31367,,1888,609,199,3503,,,2445,88,4451,,455,260,1020,9741,13416,26401,205887,,70,3624,1195,,14849,19234,1088,,,59,,,,,57,994,2343,168629,236,340,1866,,12470,3916,,4936,7636,,62870,42139,184,1121,108,105,10201,,3694,164,19990,58804,,1866,,,340,11153,84488,96,,,794,7367,435,48058,888,38347,,1706,741,,3989,12051,,,463,366,1074
"Anguilla",,,,,,,,,,,,,,,,,,,,,,,,,,,,,,,,,,,,,,126,,,,,,,,,,,,,,,,,,,,,,,,,700,,,,,,,,,,,,,,,,,,,,,,,,,,,,,416,,,,,,,,,,,,,,488,,,,,,,,,,,,,,,,,,,,,,,,,,,,,,,,,302,,,,,,,,,,,,,,,,,,,,,,,,,,,,,,,,,,,881,,,,,,,,,,,,,,,,,,,,,,,,,,,,,,,,,,,,,,,,,,,,,431,,545,443,,,,,,,,,,
"Antigua and Barbuda",,,,,,,39,,,,5,7,,,2,,,302,,,14,,14,,,11,,,,98,,,,,,,,434,,,,,,134,,,,,,,,,,20,19,,,,,,,4745,1784,,10,,,,,90,,,,,41,5,,,,,83,31,,,,192,76,,,,,6472,33,,7,,,79,,,,,,,72,3990,20,,,,,,,,,55,,,,,,,,,,,,,,5,,,,5,,,,,1138,,,,,,,16,,12,,,40,,,,,0,,,,,,,,,53,,,,,,,,,476,676,,918,,,,,,,,,,23,,,,,45,,12,,,,45,,,,244,,,,,,,,720,,,,6,,,,,994,,2626,711,,,,39,,,,,,
"Aruba",,,,,,,,,,,,,,,,,,,,,,,,,,297,,,,,,,,,,,,,,,,,,1127,,,9762,,,,,,,,2455,,,,,,,107,4327,,,,,,,,,,,,,,,,,,,,,,,258,,,,,,289,1632,,,,,330,,,,,,,,746,,,,,,,,,,,,,,,,,,,,,,,,,,,,,,,,,,,,,,,,4585,,,107,,,,,,,,,,,,1134,1004,,164,,,,,,,,,,,,,113,,,,,,,,,,701,,,,,,,,,,,1337,,,,,,,,,,,,,,0,,,,,,,,,612,,,,,3399,,,,,,
"Bahamas",,,,,,,,14,111,,,83,40,,,,,238,,30,44,,39,,,,,14,121,3,,21,,,,,,1567,23,,,,35,172,26,,193,,,,54,,,401,,,,,,16,,75,291,43,31,73,,,16,,,,,,143,,,,,,289,48,,91,,33,,,35,,,1335,27591,,43,,,598,33,,,59,,,158,7503,35,,,21,,,,,,,,,,,,,,,,,,,,,,,,134,,,,,,,,,,,,54,,24,10,,160,,,12,,0,,52,,,314,1117,20,16,,,,,,102,56,,,34,78,,40,,,,,,,,,,,,,,,104,,111,39,,,,12,29,307,,,,,,,,,390,,,,1545,,12,18,,1993,,9664,,17,,,30,,,,,,15
"Barbados",,,,,,,,194,,,,24,,,49,,,,,,22,,28,,,,,,,,,,,,,,,689,,,,,,43,,,,,,,,,,58,,,,,,,,337,,,,,,,,,,,,,,,,,,,,,,,,389,,,,,,6594,33,,,,,463,,,,,,,,994,,,,,,,,,,,,,,,,,,,,,,,,,,,,,,,,,,,,,,,,,,,,,,,,,,,,,,,,,,,,,,,,,,,,109,2177,,3114,,,,,,,,,,,,,,,,,,,,,47,,,,,,,,,,,,1490,,,,,,,,,2509,,1034,,,,,,,,,,,
"Bonaire, Sint Eustatius and Saba",,,,,,,28,25,3,,755,,,,21,,,64,,,,,,,,,,,,63,,,,,,,,87,,,,,,17,17,,588,,,,,,,45,4115,,,,,,,22,1362,,,,,,,,,,,,31,0,,,,,,,,,,0,27,,,,,164,100,,,,,9,44,,,,,,17,394,29,,,,,,,,,64,,,,,,,,,,,,,,27,,,,0,,,,,,,,,,,,2114,,3,,,,,,2,,,,,,,,,,47,10,,,,,,,,,26,0,,13,,,,,,,,,,514,,,,,,,17,,,,416,,,,,,,,,,,,6,,,,,,,,,55,,588,0,,,,480,,,,,,
"British Virgin Islands",,,,,,,,752,,,,23,,,26,,,182,,,,,,,,,,,,,,,,,,,,234,,,,,,,,,,,,,,,,,,,,,,,,1200,1450,,,,,,,,,,,,23,,,,,,58,,,,,,,,,,,1631,,,,,,39,,,,,,,,528,,,,,,,,,,23,,,,,,,,,,,,,,,,,,,,,,,209,,,,,,,,,,,,,,,,,,,,,,,,,,63,,,,,,,,,3014,533,,2029,,,,,,,,,,,,,,,,,,,,,,,,,,,,,,,,,401,,,,,,,,,852,,1306,,,,,,,,,,,
"Cayman Islands",,,,,,,,,11,,,170,46,,168,,,166,,11,319,,31,,,,,,65,,,,,,,,,1315,,,,14,,,,,380,,,,118,,,686,11,,,,,17,,,60,,,,,,,,,,,9,35,,,,,,124,,,,,15,,,,,,304,17,,1661,,,528,,9,,210,,11,83,9351,19,,,33,,,,,,,,,,,,,,,17,,,,,,,,,37,,,,,,,,,,,,35,,52,359,27,9,,,,,100,,124,,,14,1708,,,44,,,,,,,,,,9,,29,,,,,,,,,,,,,,,35,,27,,,,,,,74,,,50,,,,,,285,,,,,,,,,1944,14,2607,,,,,33,,,,,9,17
"Cuba",,103,44,,,92,,,157,,,,,,,,,,,,,,,,54,,,,,,,125,,,,,,57,,,,,166,277,,,149,,,,,,,,,,171,,,,,,113,57,,,,,,,,,,,139,,,,,,318,,,,82,76,,,64,,,,872,,,65,,,,,,,,,208,276,,,,,,,,,,52,,,,,,,,,,,,,,,,,,375,,,,,,,,,,,,,,,252,,,,,,,,,77,,,80,,89,,115,,,,,64,1897,,,,,,,,,,,,,,,,,,,,,,,4522,,,,,,,,,,,,,,,,,,,,,,,577,,47,,500,,,,,182,,,,,,
"Curaçao",,,,,,,42,54,21,,1708,,,,81,,,191,,91,,,,,,2334,,,,99,,,,,,,,90,,,,,,489,111,,4797,,,,,,,233,,,,,,,,107,5715,,,,,,,,,,,,,,,,,,124,,,,,2,94,,,,,458,1968,,,,,637,182,,,,,,23,1300,130,,,,,,,,,252,,,,,,,,,,,,,,31,,,,13,,,,,,,,,,,,9504,,,,,,,,,,,,,,,105,,,919,15,,,,,,,,,181,,,291,,,,,,,,,,499,,,,,,,20,,,,1871,,,,,,,,,,,,96,,,,,,,,,24,,330,28,,,,1787,,,,,,
"Dominica",,,,,,,19,442,,,47,7,,,12,,,167,,,,,,,,,,,,85,,,,,,,,184,,,,,,38,,,,,,,,,,12,,,,,,,,,,,,,,,,,,,,,80,23,,,,,30,,,,,,38,,,,,190,1395,,,,,28,,,,,,,,129,,,,,,,,,,34,,,,,,,,,,,,,,143,,,,,,,,,162,,,,,,,10,,,,,50,,,,,,,,,,,,,,16,,,,,,,,,63,281,,125,,,,,,,,,,,,,,,,,,,,,19,,,,16,,,,,,,,306,,,,,,,,,633,,623,,,,,30,,,,,,
"Dominican Republic",,,,,,,34,179,1071,,160,40,208,,39,21,,,,256,,,16,8,171,,5,,645,75,,74,,3,3,121,23,1216,,135,3,,633,1484,,,3606,,,8,307,,,3841,,,30,,,25,,15,,582,,267,,,,,,,,27,2043,,,,,,1661,,,63,,,56,,429,,,23,329281,,424,21,,95,,31,27,33,,61,3795,133,345,,11,,,,,,,150,,,,,,,,,18,,,25,,33,,,,1498,,,,,,34,,,,,,593,,,292,,25,,,55,,79,,757,,25,1428,51,44,107,6083,,565,12,,43,482,,97,137,,64,,,,,18,,73,,,,,,,,,11,,7062,,19,,27,,74,1045,25,,,26,,,,,23,,31,,35,,,76,,482,,25814,82,183,,,5417,,12,,,,
"Grenada",,,,,,,,38,,,,,,,30,,,178,,,,,,,,,,,,14,,,,,,,,227,,,,,,,,,,,,,,,,,,,,,,,,74,,,,,,,,,,,,,,,,,,,,,,,,,,,,,,341,,,,,,,,,,,,,,115,,,,,,,,,,,,,,,,,,,,,,,,,,,,,,,,,10,,,,,,,,,,,,,,,,,,,,,,,,,,,,,,,,,,,15,163,,377,,,,,,,,,,,,,,,,,,,,,,,,,,,,,,,,,2196,,,,,,,,,,,,704,,,,341,,,,,,
"Guadeloupe",,,156,,,,,,,,,,,,,,,,,463,,,,,,,,,63,,,,,,,,,496,,,,,,,,,,,,,,,,,,,,,,,,4373,947,,,,,,,,,,,,55739,1191,,,,,314,,,,,,,,,,,188,15284,,,,,200,,,,,,,361,,,,,,,,,,,254,,,,,,,,,,,,,,9446,,,,,,,,,,,,,,,,801,,,,,,,,,,,,,,,,,,467,,,,,397,,,,,,413,,,,,,,,,,,,,,,,,,,,,,,37,,,223,296,,,,,,,,,,,,,,,,,417,,496,,,,,,,,,,,
"Haiti",,,,,,,,,964,,,,352,,,,,,,,,,,,,,,,,,,,,,,,,1302,,,,,690,721,,,1715,,,,568,,,2492,,,,,,,,,4984,,,,,,,,,,,,921,,,,,,1856,,,,,,,,,,,,,,,,,,,,,,,,2541,,459,,,,,,,,,,,,,,,,,,,,,,,,,,,634,,,,,,,,,,,,,,,,,,,,,,,,,,,727,,,,3201,,,,,,,,,,,,,,,,,,,,,,,,,,,,,2684,,,,,,,781,,,,,,,,,,,,,,,,,,,,3328,,593,,,5198,,,,,,
"Jamaica",,,,,,,,153,,,,,,,662,,,533,,,7,,,,,,,,,,,,,,,,,1313,,,,,,,,,,,,,99,,,1791,,,,,,,,137,,,,132,,,,,,,,,,,,,,,,,,,,205,,,302,,,,,,160,,,1127,,,,,,,,,,,,,,,,,,,,,,,,,,,,,,,,,,,,,,,,,,,,,,,,,,,123,,,,,,,,,74,,,,,,,,,,,,,,,,96,328,,224,,,,,,,,,,,,,,,,,,,,,,,,,,,,,,,,,2299,,,,,,,,,4739,,6193,,,,,,,,,,,
"Martinique",,,102,,,,,,,,,,,,,,,,,131,,,,,,,,,76,,,,,,,,,,,,,,,156,,,,,,,,,,,,,,,,,,422,139,,,,,,,,,,,,47093,1808,,,,,,,,,,,5461,,,,,,1769,,,,,,,,,,,,86,,,,,,,,,,,,,,,,,,,,,,,,,,,,,,,,,,,,,,,,,,,,,,,,,,,,,,,,,,,,,,,,414,,,,,,2032,,,,,,,,,,,,,,,,,,,,,,,,,,,155,,,,,,,,,,,,,,,,,153,,,,,,,,,,,,,
"Montserrat",,,,,,,,116,,,,,,,,,,,,,,,,,,,,,,,,,,,,,,37,,,,,,,,,,,,,,,,,,,,,,,,280,24,,,,,,,,,,,,,,,,,,,,,,,,,,,,,243,,,,,,,,,,,,,,,,,,,,,,,,,,,,,,,,,,,,,,,,,,,,,,,,,,,,,,,,,,,,,,,,,,,,,,,,,,,,,,,,,,119,,,29,,,,,,,,,,,,,,,,,,,,,,,,,,,,,,,,,44,,,,,,,,,105,,121,,,,,,,,,,,
"Puerto Rico",,,,,,,,,1180,,,,,,,,,,,,,,,,56,,,,95,,,,,,,,,119,,,,,789,1088,,,3788,,,,685,,,13321,,,,,,,,1190,57891,851,35,846,,,,,,,,,143,,,,,,504,,,,,,,,381,,,50,160,,408,,,49,,,,,,45,192,43,83,90,,,,,,,,18,,,,,,,,,,,,,,,,,,2647,,,,,,,,,,,,27,,,234,,,,,,,,,921,,,686,140,18,35,,,114,,,,,,,,,,,,,,,,,,,,,,,,,,,1816,,,,,,,,,,18,,,,,,174,,21,,,,,,,173,,165147,433,,,,2302,64,,,,,
"Saint Kitts and Nevis",,,,,,,,404,,,,,,,24,,,96,,,,,,,,,,,,243,,,,,,,,,,,,,,,,,,,,,,,,,,,,,,,,200,,,,,,,,,,,,,,,,,,,,,,,,57,,,,,,777,,,,,,,,,,,,,,141,,,,,,,,,,,,,,,,,,,,,,,,,,,,,,,,,430,,,,,,,,,,,,,,,,,,,,,,,,,,,,,,,,,,,,102,,168,,,,,,,,,,,,,,,,,,,,,,,,,,,,,,,,,266,,,,,,,,,,,,613,,,,,,,,,,
"Saint Lucia",,,,,,,37,118,,,17,16,,,13,,,778,,,1,,6,,,,,,12,4,,,,,,,,256,4,,,,,49,,,,,,,,,,24,,,,,,,,229,48,,,,,,,4,,,,,74,304,,,,,74,24,,,,159,44,,4,,,1974,,,,,,118,,,,,,,16,187,26,,,,,,,,,9,,,,,,,,,,,,,,475,,,,9,,,,,31,,,,,,,20,,1,,,13,,,,,17,,28,,,,,,,16,,,,,,,,,44,,,435,,,,,,,,,,,,,,,9,,,,,,42,,,,28,,,,,,,,780,,,,,,,,,972,,663,20,,,,63,,,,,,1
"Saint Vincent and the Grenadines",,,,,,,,58,,,,,,,,,,347,,,,,,,,199,,,,,,,,,,,,163,,,,,,,,,,,,,,,,,151,,,,,,,86,,,,,,,,,,,,,,,,,,,,,,,,433,,,,,,243,,,,,,,,,,,,,,125,,,,,,,,,,,,,,,,,,,,,,,,,,,,,,,,,,,,,,,,,,,,,,,,,,,,,,,,,,,,,,,,,,,,39,237,,,,,,,,,,,,111,,,,,,,,,,,,,,,,,,,,,,,964,,,,,,,,,795,,338,,,,,,,,,,,
"Sint Maarten (Dutch part)",,,,,,,383,534,,,1286,,,,,,,73,,,,,,,,165,,,,904,,,,,,,,38,,,,,,174,,,208,,,,,,,828,1425,,,,,,,1495,3546,,,,,,,,,,,,89,,,,,,,,,,,,2051,,,,,1807,2746,,,,,834,60,,,,,,,2364,,,,,,,,,,321,,,,,,,,,,,,,,75,,,,,,,,,,,,,,,,730,,,,,,,,,,,,,,,,,,,26,,,,,,,,,1042,487,,70,,,,,,,,,,,,,,,,,,,,,521,,,,,,,,,,,,208,,,,,,,,,53,,312,70,,,,41,,,,,,
"Trinidad and Tobago",,,,,,,,,,,,,,,,,,1066,,,,,,,,,,,,,,,,,,,,1777,,,,,,866,,,,,,,,,,76,,,,,,,,,,,,,,,,,,,,,,,,,,,253,,,,,8026,,,,,,9830,,,,,,959,,,,,,,,1497,,,,,,,,,,,,,,,,,,,,,,,,,,,,,,,,,,,,,,,,,,,,,502,,,,,,,,,,,346,,,,,,,,,,,,,880,,6430,,,,,,,,,,,,,,,,,,,,,,,,,,,,,,,,,,,,,,,,,,2368,,5798,,,,,1732,,,,,,
"Turks and Caicos Islands",,,,,,,,,,,,,,,12,,,,,,,,,,,,,,,,,,,,,,,462,,,,,,,,,,,,,,,,,,,,,,,,,774,,,,,,,,,,,,,,,,,,,,,,,,,,,,,,7347,,,,,,,,,,,,,,,,,,,,,,,,,,,,,,,,,,,,,,,,,,,,,,,,,,,,,,,,,,,,,,,,,,,,,,,,,,,,,,,,,,,,,,,,,,,,,,,,,,,,,,,,,,,,,,,,,,,,,,,,,,,,,,416,,727,,,,,,,,,,,
"United States Virgin Islands",,,,,,,972,4587,,,501,,,,,,,368,,,,,,,,396,,,,2464,,,,,,,,,,,,,,,,,,,,,,,,,,,,,,,,5508,4641,,,,,,,,,,,,,,,,,,,,,,,590,,,,,,,644,,,,,,,,,,,,,373,,,,,,,,,,,,,,,,,,,,,,,,,,,,,,,,,780,,,,,,,,,,,,,,,,,,,,,,,,,,4067,,,,,,,,,7100,3425,,518,,,,,,,,,,,,,,,,,,,,,,,,,,,,,,,,,1759,,,,,,,,,,,16861,,,,,,,,,,,
"Belize",,,,,,,,,,,,,,,,,,,,,,,,,,,,,,,,,,,,,,818,,,,,,1930,71,,,,,,,,,,,,,,,,,,,,,8697,,,,,,,,,,,,,,,67,,,,,,,,23231,,,,53,,8496,,,369,,,,,,,,489,,,,,,,,,,53,,,,,,,,,,,,,,,,,,3472,,,,,,,,,,,,,,,,,44,,,,,,,,,,,,,,,,,,,,,,,,,,,,,,,,,,,,,,,,,,,,,,,,,,,,,,,,,,,,,,,,,,,,403,,4036,,,,,,,,,,,
"Costa Rica",4,4,12,,,3,,,1504,7,33,69,132,3,12,1,3,11,5,300,143,1,11,4,379,,,,558,,,73,,,,3,9,1443,8,5,,114,1782,299,3365,1,21787,,8,,,3,25,5897,,3,,37,3,66,,5,1126,1303,11,14239,,,3,1,,,1,23,895,12,,1,,12,1912,1,4,34,8,8,,5,2725,,,29,73,,4020,76,1,56,18,103,16,30,,175,2184,223,290,11,5,8,,,,4,1,90,,,11,4,9,16,3,,4,1,,,,4,,,,3176,,1,16,,4,4,4,12,,,8,601,,18,299340,,3,,,78,3,9,,11702,,85,3876,143,310,80,365,3,260,4,,102,614,1,,1,1,1,1,,,,14,1,,,,8,,23,,,1,59,,2216,1,,1,21,1,140,689,11,,7,27,,,,,35,4,8,,,,9,159,,533,4,12982,7,321,1,,1415,1,,,,,1
"El Salvador",,,,,,,,,216,,,27,11,,,,6,40,,52,339,,,,53,,,,242,,,,,,,,,245,,,,,229,259,8,,577,,,,876,,,128,,,,,,,,,72,123,,,,,,,,,,,214,,,,,,227,,,,,,,,8885,,,,,,11676,,,11,,18,,11,,43,282,10,54,,,,,,,,,,,,,,,,,,,,,,,,,,,1714,,,,,,,,,,,,33,,,7823,,,,,,,,,451,,11,234,19,,13,62,,128,,,,18,,,,,,,,,,,,,,,,,,,,,,,534,,46,,,,35,59,,,,,,,,,,,,,,,,,,90,,5397,,75,,,242,,,,,,
"Guatemala",,,,,,,,,554,,,70,,,,,,,,,916,,,,136,,,,240,,,,,,,,,397,,,,,301,657,,,1156,,,,1162,,,660,,,,,,,,,109,167,32,19198,,,,,,,,,258,20,,,,,640,,,,398,,,,,,,,14,,8387,,,,40,18,,,,131,368,,147,,,,,,,,,25,,,,,,,,,,,,,,,,,,17540,,,,,,,,,,,,140,,,8561,,,,,,,26,,300,,59,457,67,,29,101,,1786,,,,,,,,,,,,,,32,,,,,,,,,,,,,1320,,46,,,,47,154,78,,,,,,,,,,25,,,,,,,223,,8643,,140,,,283,,,,,,
"Honduras",,,,,,,,,140,,,,,,,,,,,19,268,,,,108,,,,174,,,,,,,,,256,66,,,,227,437,,,636,,,,631,,,449,,,,46,,,,,99,338,,6486,,,,,,,,,106,,,,,,214,,,,,,,,3375,,,,32,,,,,,,,,,,66,191,20,102,30,,,,,,,,,,,,,,,,,,,,,,,,,,1148,,,,,,,,,,,,67,,,5690,,,,,,,,,292,,26,282,,,,95,,50,,,,19,,,,,,,,,,,,,,,,,,,,,,,385,,113,,,,23,45,,,,,,,,,,,,,,,,,,75,,4981,,49,,,75,,,,,,
"Mexico",,,96,,,75,,,18728,132,,592,497,,,,72,,,842,3160,,,,2715,,,,6198,,,244,,,,,47,14121,,,,,7202,9945,,,20135,,,,2468,34,50,17653,,,408,38,97,249,,,1992,2736,241,10054,,,,,,,,182,11903,,,,,,9723,,,248,,,,,53128,,,,1296,,15027,509,,1180,190,376,44,370,,1165,4936,174,2988,55,,87,,,,,44,966,,,,,80,,,,73,,,,,,,,,,,,,,,320,,,,,,1623,,143,5369,,189,,,242,,198,,1756,,767,8853,688,1169,606,1325,,8376,,,546,1563,,,,,,,,,,104,44,80,,,44,,143,69,,,265,,26909,,38,,,,412,1450,189,,160,,,,,,26,,267,,,,,452,,3360,,876528,,2947,,,15959,126,,,,,
"Nicaragua",61,,113,,,,,119,270,,,,38,,84,,,,,44,24,,,,64,,,,122,,,61,,,,,,252,,,,,126,139,,,447,,,,10772,,,941,,,,,47,52,,,69,111,,2444,,,,81,,,,,148,,,,,,300,,,,,,,,1762,,,,23,,12439,,,24,,,,24,,,190,20,40,26,,,,,,,,,,,,,,,,,,,,,,,,,,846,,,,,,,,,,,,267,,,,,24,,,,,,,405,,,228,,,,58,,61,,,,194,,,,,,,,,,,188,,,,,,,,,38,,,460,,,,,,33,84,,,,,,,,,,,,,,,,78,,71,,3606,,38,,,159,,,,30,,
"Panama",,,,,,,,,2550,,,279,108,,,,42,32,,271,86,,,,454,,,,2002,,,73,,,,,,1808,,,,,1813,18665,281,,55251,,,,7760,,102,2825,31,,38,,,147,,58,8095,2672,73,3225,,,,,,,,46,969,,,,,58,1065,,,325,,27,,,1606,,,48,542,,1504,59,,4481,135,86,,92,,1114,1318,697,372,119,,,,,,,,526,,,38,,46,,,,28,,,,,,,,,4832,,,,,,79,,98,,,,482,,50,12915,,37,,,77,,84,,,,122,4290,1601,196,254,721,,402,,,182,995,,,,,46,,,,,50,,27,,,46,,36,,,,46,,3702,,167,,,,212,367,265,,144,,,,,,119,,112,,,,,502,,2017,,14040,,762,,,9883,59,,,,,
"Argentina",9,66,104,,1,9,,,,561,1,275,1022,,,12,,7,304,537,6,,,,419048,,,,48792,,1,295,11,,24,20,,530,,,,,213119,14397,4,,8640,,42,,123,1,986,1106,,47,1793,14,,245,,4,684,955,238,73,,,49,32,,,1,70,8160,,,,,,9242,,14,1017,15,11,,,96,1,,,41,,66,816,8,97,21,137,37,64,,557,152338,11,4453,73,,2,,,,283,124,791,,,51,78,392,96,7,,2,,,2,,,,,,1450,4,10,,,,212,11,9,2,,,387,,11,91,1,43,,,58,,5,,161,,679044,195320,58,7315,4961,75,,8154,456,,1078,1884,,,,,,,,16,,80,,,,,2,,,810,,2,126,,98050,2,,8,5,,204,794,1125,,60,1489,,,,,34,45,635,,,4,1,4408,,943,1,5135,,132749,,8,1240,5,,,,1,2
"Bolivia (Plurinational State of)",1,1,3,,0,6,,0,42691,5,2,228,159,1,0,0,28,0,5,377,905,1,0,,,20,10,,25688,,,24,,0,128,0,12,1380,,65,0,,4730,1127,2,,2964,,7,,146,3,38,1770,167,2,52,10,3,107,,3,116,1002,21,127,,0,6,2,,,0,40,1237,1,,0,,2,2022,14,0,26,,0,,,142,9,,5,15,,231,27,2,107,10,62,10,77,2,182,1427,7,1660,16,23,14,,5,5,0,0,37,0,2,3,0,9,6,5,7,8,,1,5,,,1,,,9522,,0,1,2,,24,3,0,,,6,382,0,64,111,0,13,1,,97,0,23,,109,1,4285,11282,47,218,175,38,1,505,8,,72,328,1,,0,,0,,,,,13,8,21,0,2,1,48,20,9,1,3,17,,12181,2,13,2,0,,293,659,2,1,9,12,,1,,0,5,1,37,0,,,0,114,0,903,5,4896,,509,5,0,773,12,,,0,2,3
"Brazil",69,,219,,12,7694,,,34699,63,,703,2791,,18,31,54,33,10,2022,6,31,,,46336,,82,,,,170,284,30,25,1426,33,166,1894,,13,,,18422,23156,,,8179,,95,,461,396,683,2479,,,533,172,116,589,,25,372,2065,3720,272,66,,217,12,,,,617,11411,844,,36,,76,19389,73,,1839,,31,,,348,69,1128,2264,65,,151,1821,576,1052,869,638,609,205,,2401,44366,165,58564,1258,29,54,102,24,,6,169,14726,,41,114,19,754,64,42,11,145,11,7,33,,,,,,3198,,151,,26,,606,1702,14,58,,60,3968,,326,438,16,1335,,,685,23,307,24,621,,46857,17931,426,4157,164705,,,10239,,,2036,1656,16,,36,173,,35,,41,70,391,222,517,35,7,137,,253,211,,,1894,,36691,48,,45,325,,757,3563,2461,8,549,46,59,11,,,224,95,432,25,,,77,875,39,5905,105,28068,,28708,31,,3425,152,,,,,122
"Chile",15,25,44,,8,56,15,13,70415,12,5,998,536,5,2,5,5,5,5,843,2,2,5,5,37554,,12,5,18243,0,0,94,2,2,2,5,5,1847,2,5,18,,,9439,53,8,23471,2,13,2,467,8,381,3049,,13,146,5,13,233,0,30,278,23471,82,233,2,2,44,5,2,5,8,133,3169,2,5,5,2,2,12169,7,5,196,5,5,7,5,227,5,5,15,44,2,240,330,12,552,87,82,25,128,,539,3780,23,815,84,7,20,,8,5,2,36,204,12,5,23,5,18,15,8,2,25,2,90,15,,5,2,5,2,1739,2,8,2,,2,87,46,2,5,7,8,656,5,141,240,12,20,5,7,342,5,163,5,516,5,1226,178385,202,444,251,184,26,1070,8,5,360,590,5,335,13,62,2,5,,2,12,18,5,,,2,59,,53,39,0,12,20457,,8834,7,703,5,5,5,1257,1035,306,2,36,406,,20,,276,12,15,258,5,5,,5,163,5,18161,8,8058,2,2288,5,2,4134,12,2,5,,5,12
"Colombia",116,49,26,,46,54,42,40,3199,,307,220,209,,,,,,,435,,,,,818,,,,2337,,,85,,,,,,985,,,,,2024,2037,35,,,,,,1056,,57,1820,91,,40,200,,91,,49,385,14232,140,384,,,21,,,,,47,2061,,,,,,2361,,,117,,,,,460,,,19,116,,352,140,,144,84,118,22,131,,468,2808,60,722,179,,,,26,,,19,1173,,,,,45,22,,,,,,,,,,,,2854,,,,,,71,,,,,,352,,51,573,,46,,,82,,42,,2067,,216,5044,96,255,115,553,,274,,,222,673,,,,,,,,,,71,,,,,,22,,29,,,54,,6629,,,,,,182,679,136,,,,,,,,37,,47,,,,,226,41,1237,,18841,,435,,208,46614,,,,,,
"Ecuador",55,71,48,,,42,,,5399,37,,373,546,,48,,,,,855,,,,,1528,,,,2654,,,194,,,,,45,2341,,,,,11341,2928,97,,194733,,,,938,,81,2994,,,315,485,,183,,,353,,84,522,,,,,,52,,126,2264,,,,33,,4405,37,,71,,,,,430,,,,96,,469,216,,228,64,192,34,199,,520,3845,37,734,71,,,,,,,,443,,,,,,,,,34,,,,,,,,,2258,,,,,,48,,,,,,829,,112,392,,49,,,235,,52,,964,,242,13705,125,312,366,500,,810,,,302,1495,,,,,,,,,,88,,,,,,,49,,,,122,,7473,,97,,,,349,1962,64,,,1,,,,,45,,,,,,,401,,2158,,26802,,958,,,8901,48,,,,,
"Falkland Islands (Malvinas)",,,,,,,,,26,,,42,,,,,,,,,,,,,,,,,,,,,,,,,,,,,,,198,,,,,,,,,,,,,,,,,,,,,,,,,,,,,,,,,,,,,,,,,,,,,,,,,,,,,,,,,,,,,,,,,,,,,,,,,,,,,,,,,,,,,,,,,,,,,,,,,,,,,,,,,26,,,,,,,,,,,,,,,,,,,,,,,,,323,,,,,,,,,,,,,,,,,,,,,,,,,,,,,,,,,,,,,,,,,,,,,,872,,19,,,,,,,,,,,
"French Guiana",,,83,,,,,,,,,,,,,,,,,130,,,,,,,,,19481,,,,,,,,,,,,,,,1246,,,,,,,,,,,,,,,,,,723,,,,,,,,,,,,,20934,,,,,,,,,,,,2021,,,,,3675,19005,,,,,,,,,,,,118,,,,,,,,,801,,,,,,,,,,,,,,,,2654,,,,,,,,,,,,,,,,,,,,,,,,,,,,,,,506,,,,,,,,353,,,,,,1253,,,,,,,,,,,,,,,,,,,,,,,30785,,,,,,,,,,,,,,,,,,,,,,,,,,,,,,,,,,
"Guyana",,,,,,,,19,,,,,,,15,,,268,,,,,,,,,,,2135,,,,,,,,,400,,,,,,1149,,,,,,,,,,,,,,,,,,43,,,,,,,,,,,,,,,,,,,,,,,,193,,,,,,,,,,,,,,,,,,,,295,,,,,,,,,,,,,,,,,,,,,,,,,,,,,,,,,,,,,,,,,,,,,,,,,,,,,,,,,,,,,,,,,,,,,219,,368,,,,,,,,,,,,,,,,,,,,,4595,,,,,,,,,,,,880,,,,,,,,,574,,1255,,,,,2099,,,,,,
"Paraguay",,,,,,,,,57056,,,,,,,,,,,,,,,,1009,,,,73715,,,,,,,,,2281,,,,,2109,780,,,,,,,,,,,,,,,,,,,,,,,,,,,,,,,614,,,,,,1659,,,,,,,,,,,,,,,,,,,,,,,,876,,1983,,,,,,,,,,,,,,,,,,,,,,,,,,,1605,,,,,,,,,,,,,,,,,,,,,,,,,,,,,872,,,,2547,,,,,,,,,,,,,,,,,,,,,,,,,,,883,,,,,,,,,,,,,,,,,,,,,,,,,174,,1576,,2925,,,,,,,,,
"Peru",,,19,,,15,,,11354,,,590,197,,,,,,,615,,,,,5722,,,,4859,,,68,,,,,,1223,,,,,7182,4086,,,5937,,,,337,,91,905,,,90,87,,243,,,181,3990,20,108,,,17,,,,,71,2309,34,,,,,2926,,,59,,,,,163,,,,49,,165,64,15,206,43,58,19,211,,507,3345,,3353,39,,,,,,,,70,,,,,,15,,,44,,,21,,,,,,1491,,,,,,38,,,,,,678,,94,161,,,,,105,,72,,344,,545,,322,198,129,137,,665,,,183,629,,,,,,22,,,,33,,,,,,,,29,,,116,,5075,,,,,,282,780,,,21,,,,,,,,52,,,,,241,,1658,,9853,,612,,,3237,,,,,,
"Suriname",,,,,,,,,,,,,,,,,,,,,,,,,,,,,5456,,,,,,,,,,,,,,,5338,,,,,,,,,,,,,,,,,,,,,,,,,,,,,,,,,,,,,,,,,,,,,,,,13284,,,,,,,,,,,,,,,,,,,,,,,,,,,,,,,,,,,,,,,,,,,,,,,,,,,,,,3409,,,,,,,,,,,,,,,,,,,,,,,,,,,,,,,,,,,,,,,,,,,,,,,,,,,,,,,,,,,,,,,,,,,,,,,,,,,,,,,,,,,,,,
"Uruguay",,,,,,,,,22521,,,,,,,,,,,,,,,,,,,,10496,,,,,,,,,284,,,,,1384,,,,,,,,,,,,,,,,,,,,,,,,,,,,,,,,672,,,,,,786,,,,,,,,,,,,,,,,,,,,,,,,10051,,,,,,,,,,,,,,,,,,,,,,,,,,,,,466,,,,,,,,,,,,,,,,,,,,,,,,,,1583,1533,,927,443,,,,,,485,,,,,,,,,,,,,,,,,,,,,,,,13224,,,,,,,,,,,,,,,,,,,,,,,,,130,,2853,,,,,463,,,,,,
"Venezuela (Bolivarian Republic of)",,19,95,,,188,,,9944,34,486,148,828,,,,,7,,395,20,,,,1967,1025,24,,6026,,,142,,,,,,1136,,,,,15263,13865,573,,973315,,,,1127,,410,11423,,15,376,46,,145,,0,14743,36973,185,1015,,28,52,35,,,,72,3777,30,,,,13,4211,33,,735,,163,,,428,,,9149,1900,,294,1027,,258,59,90,79,62,,468,51068,95,359,200,,,,71,,,140,7486,,,135,,147,,,,34,,,,,43,,,,3831,,,,272,,1008,53,,,,,690,,18,2045,,105,,,90,,14,,880,,214,47007,161,911,54591,419,,277,,,874,674,,,,6,,121,,,,1618,14,830,,,18,,24,103,,,71,,74582,,481,,46,,114,661,15632,,70,,,,,,2808,14,132,,,,,211,,1803,,11242,,4795,,,,12,,,,,15
"Bermuda",,,,,,,,,,,,69,32,,,,,,,23,,,,,,,,,,,,,,,,,,2302,,,,,,350,,,,,,,,,,30,,,,,,36,,,21,,,,,,,,,,,,145,,,,,,249,125,,106,,,,,,,,102,1680,,,,,529,,,,102,,75,73,609,674,,,,,,,,,,,,,,,,,,37,,,,,,,,,,,,,,,,,,,,,,,,,,188,,,,,37,,,,,,411,33,1622,,,,,,26,,,,,,,,,,,,,,,,,,,,,,262,,130,,,,,,,125,,,,,,,,,68,,144,,83,,,,,4061,,3527,,,,,,,,,,,
"Canada",45733,15265,57024,0,0,2991,82,2677,21350,3919,657,27538,19200,3311,2160,2388,51227,17207,11655,23119,2149,2176,3186,2519,5667,,39583,673,29345,108,4402,19336,1465,7474,207,26354,9868,,429,397,853,,29090,711220,227744,6156,70497,207,1997,0,5039,6927,44376,15128,,4250,23136,695,21594,16719,1617,3361,9803,15590,55927,48632,76,8870,4527,27608,,0,27060,10966,122212,87,141,1091,587,1911,186592,23868,336,73005,0,11524,657,0,17555,4592,97,96531,93443,,7084,44441,792,621469,16143,136608,55336,33530,,27304,282537,140185,36185,11042,10422,27929,0,14651,1905,15786,7138,90517,114,2399,6346,0,6009,538,3908,781,25746,0,1807,8164,0,635,597,14775,0,93557,0,196,1254,1727,678,63869,1275,8967,1195,0,9830,109581,146,12919,9923,809,34432,,,5232,1753,175204,0,2871,587,8348,30099,545321,167620,152329,467,1917,144332,13945,380,91049,81799,5874,0,2285,5928,321,13973,125,0,0,25139,6178,35859,999,2725,13234,,14640,9190,0,24747,47182,,10943,146998,8420,15221,994,359,8116,22566,24666,1195,16263,10563,0,2768,,103,74682,13099,29470,467,82,0,13191,73108,16665,607377,21610,343252,65,7485,5369,0,19732,182847,0,,2166,3979,11118
"Greenland",,,,,,,,,,,,,,,,,,,,,,,,,,,,,,,,18,,,,,,15,,,,,,11,,,,,,,,,,,,,,,,4614,,,,,,,,,,,279,,,13,14,,,,,,58,,,,,,,,,,,,,,,,163,,,,,,,,,,,,,,,,,,,,,,,,,,,,,,,,,,,,,,,,,,,,,,,,,,,,,,,,,68,,,,,,,,130,31,,,,,,,15,,,,,,,,,,,,,,,,,,,,,,,,,,,,,,87,,,,157,,,,,,,,,,,,,,,15,,39,,,,,,,,,,,
"Saint Pierre and Miquelon",,,,,,,,,,,,,,,,,,,,,,,,,,,,,,,,,,,,,,181,,,,,,,,,,,,,,,,,,,,,,,,,,,,,,,,,,,,,723,,,,,,,,,,,,,,,,,,,,,,,,,,,,,,,,,,,,,,,,,,,,,,,,,,,,,,,,,,,,,,,,,,,,,,,,,,,,,,,,,,,,,,,,,,,,,,,,,,,,,,,,,,,,,,,,,,,,,,,,,,,,,,,,,,,,,,,,,,,,,,,,,,63,,,,,,,,,,,
"United States of America",63255,81196,17700,,,12683,,28558,179639,84953,5943,77845,49704,19799,33617,,186028,54780,56701,32907,49765,,8176,,80073,,122190,,347968,,,65190,,,35228,167039,41242,842175,,,,,97901,2103551,223719,11332,687696,,,,85924,25976,44598,1131284,,18410,70917,,23043,30499,,29579,940874,442693,159562,1276489,,30305,9995,184022,,,40737,19725,166729,,,,20877,24456,627493,134338,,141257,,32460,,,881191,18331,,269778,604004,,530645,77670,5115,1969286,96734,371894,175566,132280,,135963,376130,712830,345026,64868,25304,105467,,25434,5517,200429,24643,123337,,75408,8724,,36722,2407,,,63566,,,7542,6481,,,,,12050031,7271,,,,6085,62510,,103291,,,74904,87922,,30794,257427,,237221,,,27839,,325419,,107852,,28642,442615,1896031,463732,392626,1744402,,1119578,37489,,167135,402574,,,17226,21076,,22808,16866,,,62496,38148,33605,,36561,31302,,,8715,,145579,88907,,94364,48074,36221,42306,13338,,46919,41218,69459,4331,236180,25316,,,,17717,240948,10295,107627,2079,,,41203,345783,11197,714999,45297,,,47664,36743,,197171,1302870,,,40861,22409,50001
"Australia",37482,3334,1561,380,0,580,,11,15423,1371,42,,20434,538,316,1656,37092,443,2057,7849,42,105,622,3829,1055,,41449,1298,20730,0,3386,3988,21,2152,0,35710,411,54034,95,0,32,,30963,451084,95557,2943,15497,,1403,7986,527,601,69890,897,127,22080,14337,232,3682,11625,169,11,179,2310,45352,11689,,3851,3313,11446,21,95,72084,10307,39107,11,549,11,127,612,134664,5306,527,126551,,127,32,105,496,844,0,665,95,,274,23135,770,389992,84026,48696,62790,101032,348,12174,210061,1287,53159,6287,1698,17850,654,6108,443,12111,5581,96306,127,3376,3091,11,3418,274,316,1266,156934,538,53,49224,42,42,42,28779,,4937,0,53,886,2025,,2173,1023,28916,1393,728,32872,91358,1878,642271,876,11,6382,939,11,5201,1540,43949,,306,,496,10855,222340,59868,20044,169,949,98395,1224,274,18008,24812,844,32,11,32,,11,26142,,,15107,433,37967,3144,3903,67822,,6667,8577,2353,7743,183370,4220,18061,112120,3154,23989,158,422,12585,15750,10866,137,60712,53665,11214,348,738,11784,1920,675,43000,63,,190,3397,17227,7131,1289396,4410,110643,,11140,1625,1572,4895,227298,,,675,7121,38843
"New Zealand",2540,,,,,,,,1770,,,65161,1340,,,,1530,,,,,,,,,,,,3728,,,,,,,6826,,9950,,,,,2503,92602,7334,,1197,,,13460,,,1795,,,,1337,,,1465,,,,,1324,,,,,1187,,,54815,,3905,,,,,,13447,,,,,,,,,,,,,,,1421,,69800,5105,3201,5698,9398,,,2044,,10670,,,1714,1533,,,,,,,,,,,,,,16991,,,,,,,,,,,,,,,,,2200,,,1465,20589,,,,,,4364,,,,2961,,,1399,,,38756,2019,,,,27640,,,2319,5679,,,,,,,52640,,,1951,,1103,,,5579,,,,,1147,56396,,,9956,,,,,1402,3185,,,8023,,,,1390,23291,,,,,,1474,,1402,,265014,,22300,,,,,,6393,,,,1471,8416
"Fiji",,,,,,,,,,,,1887,,,,,1366,,,,,,,,,,,,,,,,,,,,,,,,,,,925,,,,,,33,,,,,,,,,,,,,,,,,,,,,,,,,,,,,,,,,,,,,,,,,,,,,,,,1292,,,,,,,,,,,,,775,,,,,,,,,,,,,,,,,,,,,,,,,,,,,,,,,,,,,606,,,,,,,,1824,,,,,,,,,,,,,,,,,,,,,,296,,,,,,,,,,,,703,,,,,,,,,,,,,,,,,,,1332,,,,,,411,,,,341,,,,,,184,,,,,,,
"New Caledonia",,,802,,,,,,,,,354,,,,,,,,,,,,,,,,,,,,,,,,754,,,,,,,,119,,,,,,,,,,,,,,,,,,,,,,,,,,,,,,,37966,,373,,,,,,,,,,,,,,,,,,,,,,1283,,,,,,361,,,,,,,,,807,,,,,,,,,,,,,,,,,,,,,,,,,,750,,,,,,,,153,,,,,,,,,,,,,,,,,,,,,,,,,,,,,,,,,,,,,,,,,,,,,,147,,,,,,,,,,,,,,,,,855,,,,,,,,,,,,,,4938,,798,7794,,,,
"Papua New Guinea",,,,,,,,,,,,9183,,,,,,,,,,,,,,,,,,,,,,,,,,235,,,,,,88,,,,,,,,,,,,,,,,,,,,,,,,,,,,,84,,,,,,,,,,,,,,,,,,,,,,,,,156,8343,,,42,,,,,258,,,,,,,,,,,,,,,,,,79,,,,,,,,,,,,,,,,,,,,,,,1778,,,,,,,,,,,,,,1459,,,,,64,,,,26,,,,,,,,,,,,,,,51,,,,221,,,,,79,,,,,,,,,,,,,,27,,,,,,,,,,1616,28,731,,,,99,,,,,,,
"Solomon Islands",,,,,,,,,,,,279,,,,,,,,,,,,,,,,,,,,,,,,,,,,,,,,197,,,,,,,,,,,,,,,,,,,,,,,,,,,,,103,,,,,,,,,,,,,,,,,,,,,,,,,,69,,,,,,,,29,,,,265,,,,,,,,,,,,,,108,,,,,,,,,,,,,,,,,,,,,,33,73,,,,,,,,,,,564,,,120,,,,,31,,,,,,,,,,,,,,,,,,,,,,,,,,,,,,,,,,,,,,,,,,,,,,,,,,,,39,,29,,,,66,,,,,,,
"Vanuatu",,,,,,,,,,,,629,,,,,,,,,,,,,,,,,,,,,,,,,,,,,,,,,,,,,,,,,,,,,,,,,,,,,,,,,,,,,225,,540,,,,,,,,,,,,,,,,,,,,,,,,,,,,,,,,,,,,,,,,,,,,,,,,,,,,,,,,,,,,,,,,,,,,,,,,251,313,,,,,,,,,,,64,,,,,,,,,,,,,,,,,,,,,,,,,,,,,,,119,,,,,,,,,,,,,,,,,,,29,,,,,,,,,,108,,,,,,,,,,,,,
"Guam",,,,,,,,,,,,,,,,,,,,,,,,,,,,,,,,,,,,,,,,,,,,2152,,,,,,,,,,,,,,,,,,,,,,,,,,,,,,,,,,,,,,,,,,,,,,,,,,,,,,,,,,,,,,,2100,,,,,,,,,,,,,,,,,,,,,,234,,,,,,10639,,,,,,,,,,,,,,,,,,2216,,,,1449,,,,,29289,,,3950,,2711,,,,,,,,,,,,,,,,,,,,,,,,,,,,,,,,,,,,,,,,,,,,,,,,,,,,,,18508,,,,,,354,,,,,
"Kiribati",,,,,,,,,,,,89,,,,,,,,,,,,,,,,,,,,,,,,,,,,,,,,,,,,,,,,,,,,,,,,,,,,,,,,,,,,,537,,,,,,,,,,,,,,,,,,,,,,,,,,,,,,,,,,,,,,,,,,,,,,,,,,,,,,,,,,,,,,,,,,,,,,,1590,,,,59,,,,,,,,,,,,,,,,,,,,,,,,,,,,,,,,,,,,,,,,,,,,,,,,,,,,,,,,,,,,,,,,,,,316,,,,9,,44,,,,,,,,,,,
"Marshall Islands",,,,,,,,,,,,,,,,,,,,,,,,,,,,,,,,,,,,,,,,,,,,318,,,,,,,,,,,,,,,,,,,,,,,,,,,,,118,,,,,,,,,,,,,,,,,,,,,,,,,,,,,,,,,,,,,,275,,,,,,,,,,,,,,,,,,,,,,,,242,,,,,,,,,,,,,,,,,,,,,,,,,,,541,,,,,,,,,,,,,,,,,,,,,,,,,,,,,,,,,,,,,,,,,,,,,,,,,,,,,,,,,,,1430,,,,,,,,,,,
"Micronesia (Federated States of)",,,,23,,,,,,,,,,,,,,,,,,,,,,,,,,,,,,,,,,,,,,,,,21,,,,,,,,,,,,,,,,,,,,,,,,,,,,,,,,,,,,,,,,,,,38,,,,,,,,,,,,,,,,,,,48,,,,,,,,,,,,,,,,,,,,,,92,,,,,,,,,,,,,,,,,,,,,,,,75,,,,280,,,,,125,,,,,47,,,,,,,,,,,21,,,,,,,,,,,,,,,,,,,,,,,,,,,,,,,18,,,,,,,,,,,,172,,,,,,,,,,,
"Nauru",,,,,,,,,,,,148,,,,,,,,,,,,,,,,,,,,,,,,,,,,,,,,368,,,,,,,,,,,,,,,,,,,,,,,,,,,,,161,,,,,,,,,,,,,,,,,,,,,,,,,,,261,,,,,,,,,,,865,,,,,,,,,,,,,,,,,,,,,,,,,,,,,,,,,,,,,23,,,,,,,,,,,,,,73,,,,,,,,,,,,,,,,,,,,,,,,,,,,28,,,,,115,,,,,,,,,,,,,,,,,,,,229,,,,,,,,,,,,,,,,,
"Northern Mariana Islands",,,,,,,,,,,,,,,,,370,,,,,,,,,,,,,,,,,,,,,,,,,,,2592,,,,,,,,,,,,,,,,,,,,,,,,,,,,,,,,,,,,,,,,,,,,726,,,,,,,,,,,,,,,,,,,536,,,,,,,,,,,,,,,,,,,,,,46,,,,,,1115,,,,,,,,,,125,,,,,,,,,,,,564,,,,,11045,,,911,,1436,,,,,,,,,,,,,,,,,,,,,,,,,,,,,,,,,,,,,,,,,,,,,,,,,,,,,,1249,,,,,,,,,,,
"Palau",,,,,,,,,,,,,,,,,,,,,,,,,,,,,,,,,,,,,,,,,,,,514,,,,,,,,,,,,,,,,,,,,,,,,,,,,,,,,,,,,,,,,,,,,256,,,,,,,,,,,,,,,,,,,152,,,,,,,,,,,,,,,,,,,,,,,,,,,,435,,,,,,,,,,,,,,,,,,262,,,,,,,,,2987,,,,,74,,,,,,,,,,,,,,,,,,,,,,,,,,,,,,,,,,,,,,,,,,,,,,,,,,,,,,353,,,,,,,,,,,
"American Samoa",,,,,,,,,,,,,,,,,,,,,,,,,,,,,,,,,,,,,,,,,,,,591,,,,,,,,,,,,,,,,,,,,,,,,,,,,,328,,,,,,,,,,,,,,,,,,,,,,,,,,,,,,,,,,,,,,,,,,,,,,,,,,,,,,,,,,,,,,,,,,,,,,,,,,,716,,,,,,,,,,,,,,1101,,,,,292,,,,,,,,,,,15614,,,,,,,,,,,,,,,,,,,,,,,,,,,,,,21,1272,,,,,,,,,,,,2516,,,,,,209,,,,,
"Cook Islands",,,,,,,,,,,,370,,,,,,,,,,,,,,,,,,,,,,,,,,,,,,,,,,,,,,,,,,,,,,,,,,,,,,,,,,,,,152,,,,123,,,,,,,,,,,,,,,,,,,,,,,,,,,,,,,,,,,,,,,,,,,,,,,,,,,,,,,,,,,,,,,,,,,,,19,,2574,,,,18,,,,,,,19,,,,,,,,,,,,,,,,,,,10,,,,,,,,,,,,,,,,,,,,,,,,,,,,,,,,,,,,,,,,,95,,32,,,,,,,,,,,
"French Polynesia",,,681,,,,,,,,,70,,,,,,,,,,,,,,,,,,,,,,,,,,128,,,,,,615,,,,,,,,,,,,,,,,,,,,,,,,,,,,,30,,20918,,,,,,360,,,,,,,,,,,,,,,,,38,17,,,,,,148,,23,,,,,,,,,,,,,,,,,,,,,,,,,,,,,,,,,,,,,,,,2123,111,,,,,,,,,,,,,,,,,,,,,,,,,,,,,,,,,,,,,,,,,,,,,,80,,,,,,,120,,,,,,,,,,,,,,,,,,84,,419,,,,210,,,33,,,,
"Niue",,,,,,,,,,,,21,,,,,,,,,,,,,,,,,,,,,,,,,,,,,,,,,,,,,,,,,,,,,,,,,,,,,,,,,,,,,45,,,,,,,,,,,,,,,,,,,,,,,,,,,,,,,,,,,,,,,,,,,,,,,,,,,,,,,,,,,,,,,,,,,,,,,,,,,170,,,,,,,,,,,,,,,,,,,,,,,,,,,,,,21,,,,,,,,,,,,,,,,,,,,,,,,,,,,,,,119,,,,,,78,,,,,,21,,,,,,,,,,,
"Samoa",,,,1588,,,,,,,,333,,,,,,,,,,,,,,,,,,,,,,,,,,11,,,,,,59,,,,,,13,,,,,,,,,,,,,,,,,,,,,,,137,,10,,,,,,43,,,,,,,,,,,,,,,,,,,,,,,,,,51,,,,15,,,,,,,,,,,,,,,,,,,,,,,,,,,,,,,,,8,,,,1493,,,,7,,,,,,,47,,,,,,,,,,,,,,,,,,,,,,,,,,,,,,,12,,,,,,,,,,,,,,,,,,106,76,,,,,,74,,,,27,,367,,,,17,,,,,,,
"Tokelau",,,,,,,,,,,,39,,,,,,,,,,,,,,,,,,,,,,,,,,,,,,,,,,,,,,,,,,,,,,,,,,,,,,,,,,,,,,,,,,,,,,,,,,,,,,,,,,,,,,,,,,,,,,,,,,,,,,,,,,,,,,,,,,,,,,,,,,,,,,,,,,,,,,,,179,,,,,,,,,,,,,,,,,,,,,,,,,,,,,,187,,,,,,,,,,,,,,,,,,,,,,,,,,,,,,,,,,,,,45,,,,,,,,,,,,,,,,,
"Tonga",,,,,,,,,,,,,,,,,,,,,,,,,,,,,,,,,,,,,,,,,,,,177,,,,,,,,,,,,,,,,,,,,,,,,,,,,,724,,,,,,,,,,,,,,,,,,,,,,,,,274,,,,,,,,,110,,,,,,,,,,,,,,,,,,,,,,,,,,,,,,,,,,,,,,,,,,,,,,,,,,,,,,,,,,,,,,,,,,,,,,,334,,,,,,,,,,,,,,,,,,,,,,,,,,,,,,,,,,,,,,,,,,,,,,,,,,,,,,
"Tuvalu",,,,,,,,,,,,,,,,,,,,,,,,,,,,,,,,,,,,,,,,,,,,,,,,,,,,,,,,,,,,,,,,,,,,,,,,,48,,,,,,,,,,,,,,,,,,,,,,,,,,,,,,,,,,,,,,30,,,,,,,,,,,,,,,,,,,,,,,,,,,,,,,,,,,,,,,,,,,,,,,,,,,,,,,,,,,,,,,,,,,16,,,,,,,,,,,,,,,,,,,,,,,,,,,,,,,,,,,,,,,,,,,17,,,,,,,,,,,
"Wallis and Futuna Islands",,,,,,,,,,,,,,,,,,,,,,,,,,,,,,,,,,,,,,,,,,,,,,,,,,,,,,,,,,,,,,,,,,,,,,,,,,,614,,48,,,,,,,,,,,,,,,,,,,,,,,,,,,,,,,,,,,,,,,,,,,,,,,,,,,,,,,,93,,,,,,,,,,,,,,1766,,,,,,,,,,,,,,,,,,,,,,,,,,,,,,,,,,,,,,,,,,,,,,,,,,,,,,,,,,,,,,,,,,,,,,,,,,,,,,247,,,,,,,
